Cust ID,Recency,Freq,Monetory
14606,0,128,11713.85
13089,0,118,57385.88
15311,0,118,59419.34
12971,0,89,10930.26
14527,0,86,7711.38
13408,0,81,27487.41
14646,0,77,279489.02
16029,1,76,50992.61
16422,1,75,33805.69
14156,1,66,113384.14
13798,0,63,36351.42
18102,0,62,256438.49
13694,0,60,62653.1
15061,0,55,54228.74
17450,0,55,187482.17
16013,0,54,33366.25
15189,0,53,15802.14
13767,0,52,16945.71
15039,1,52,19786.44
17949,0,52,52750.84
17811,0,51,7677.71
12921,0,50,16389.74
12471,0,49,18740.92
16133,0,46,14305.66
17511,0,46,88125.38
14298,0,45,50862.44
13534,0,43,5613.08
17315,0,43,6204.46
13078,0,43,12432.28
17677,0,43,16219.22
17389,0,43,31300.08
13468,0,41,5656.75
17675,0,41,20098.1
13777,0,41,25748.35
13098,0,41,28658.88
13113,0,40,10510
17961,1,39,1296.44
13199,0,39,9803.96
16839,0,39,15357.78
15078,0,38,9623.35
13319,0,36,10664.34
12901,0,36,16293.1
12569,0,35,4064.99
17850,10,35,5288.63
15005,1,35,6180.49
13263,0,35,7454.07
15498,0,35,12396.46
14735,0,34,5807.69
15159,0,34,18573.68
14096,0,34,57120.91
13599,0,33,5030.6
17428,0,33,17078.45
14194,0,32,11216.75
14180,1,31,4640.77
17757,0,31,5585.49
18118,1,31,5595.77
18109,0,31,7925.32
17581,0,31,10736.11
12682,0,31,12288.22
15856,0,31,16173.67
16684,0,31,65892.08
12474,1,30,7116.47
17243,0,30,8628.55
17381,0,30,20272.43
12720,0,29,5713.28
13668,0,29,6216.07
13018,1,29,7272.75
13854,0,29,8025.02
14056,0,29,8124.4
15358,0,29,8234.8
16525,0,29,11895.57
16705,0,29,13946.13
15769,0,29,51823.72
16168,1,28,3770.6
13050,1,28,5684.61
14849,1,28,7904.28
16523,0,28,9295.67
16779,0,28,10454.05
13069,0,27,3717.82
13267,0,27,4404.44
14688,0,27,5107.38
18223,0,27,6315.23
13102,0,27,6336.29
14796,0,27,7839.51
17017,0,27,8574.11
16033,0,27,8727.61
14667,1,27,9231.2
17865,1,27,10158.54
15615,1,27,10360.04
12681,1,27,13677.59
12841,0,26,3876.4
16161,0,26,5352.97
16923,1,26,6666.83
16729,1,26,7076.28
12709,0,26,9294.1
14051,0,26,15477.34
12415,1,26,123725.45
14534,0,25,4075.35
16191,0,25,4913.32
18172,1,25,7490.17
17857,0,25,26763.34
14217,0,24,1925.36
14560,0,24,2174.18
14189,0,24,4604.31
15465,1,24,6945.02
16558,0,24,8257.04
14895,0,24,11020.26
14397,0,23,2556.68
15502,1,23,5541.46
13418,1,23,5845.44
16353,0,23,6675.71
16672,0,23,8093.59
15125,1,23,11117.05
12621,0,23,13612.07
14031,0,23,14634.64
14680,1,23,26932.34
17576,0,22,3457.78
18041,1,22,4161.14
17068,1,22,4531.34
14562,0,22,4709.22
13004,1,22,5613.43
16814,1,22,6500.6
15194,0,22,7521.17
15044,1,22,7629.38
13458,0,22,9537.92
17706,0,22,10097.37
15513,1,22,14520.08
13881,0,22,16989.52
16333,0,22,26626.8
14543,0,21,2916.17
17377,1,21,3925.92
16931,0,21,4604.22
18198,0,21,5083.06
16713,1,21,6840.23
15290,0,21,7803.77
16656,1,21,8568.24
17306,1,21,8600.73
13081,0,21,27964.48
15838,1,21,33350.76
15827,3,20,1641.48
16393,0,20,2941.05
16401,0,20,4061.24
16626,0,20,4379.65
15291,1,20,4596.51
15555,1,20,4758.2
15805,1,20,5452.17
14060,0,20,6135.38
12476,0,20,6546.58
13576,1,20,6703.3
18229,1,20,7276.9
12683,0,20,8221.09
13969,0,20,8986.69
12931,1,20,33462.81
16782,1,19,2242.25
16928,3,19,2781.5
13266,1,19,3717.67
15804,0,19,3848.55
17611,0,19,3947.87
16592,0,19,4073.28
12757,1,19,4227.7
16945,1,19,4345.5
14085,0,19,4435.79
15738,1,19,4788.77
12437,0,19,4896.66
16746,0,19,6694.31
12989,0,19,6854.51
14367,0,19,9167.82
17735,0,19,13110.02
12540,1,19,13309.04
12584,0,18,1893.95
18241,1,18,2058.09
16764,0,18,2758.25
14299,0,18,2855.35
14032,0,18,2929.84
13047,1,18,3079.1
14702,0,18,3250.64
16458,0,18,3482.74
16145,0,18,3741.98
15187,0,18,4670.08
17652,1,18,4737.13
16701,0,18,5150.27
17719,1,18,5367.8
14415,0,18,5811.56
14057,1,18,6147.4
12431,1,18,6416.39
15144,0,18,6530.04
16745,3,18,7170.7
12583,0,18,7187.34
13090,0,18,8689.39
16210,0,18,21086.3
17404,0,18,30300.82
17644,0,17,2768.98
16678,0,17,3013.83
13148,1,17,3348.48
17238,0,17,3744.65
16670,1,17,4022.46
14092,0,17,4063.1
17920,0,17,4204.1
12712,1,17,4241.63
17613,1,17,4509.37
16700,0,17,5040
13269,0,17,5315.92
18225,0,17,5361.02
13709,0,17,6249.11
15601,1,17,6745.36
16187,1,17,6841.24
13488,1,17,8910.61
16843,2,17,10183.82
14607,1,17,11341.1
15640,0,17,12433.34
13094,1,16,1708.86
18283,0,16,2094.88
17954,0,16,2295.37
15271,0,16,2485.82
17346,0,16,2611.58
12708,1,16,2616.32
13769,0,16,2771.87
16607,1,16,3038.67
15622,0,16,3224.53
16011,0,16,3362.71
13014,0,16,3365.43
13552,2,16,3539.53
16904,0,16,3754.27
15867,0,16,3797.79
14426,1,16,3918.9
14800,2,16,4236.34
15955,1,16,4389.81
15152,1,16,4684.24
16722,1,16,4711.21
17690,1,16,4748.45
15046,1,16,5064.01
12839,0,16,5583.62
15939,3,16,6102.26
15482,1,16,6568.72
13985,0,16,7024.53
17340,1,16,11891.18
14410,1,15,576.3
15602,0,15,1083.63
15611,1,15,1568.39
14462,2,15,1965.9
14808,2,15,2175.37
18065,0,15,2380.08
13695,1,15,2504.13
13230,0,15,2763.41
12395,1,15,2998.28
16326,0,15,3085.96
13268,1,15,3167.64
14227,1,15,3315.71
14040,2,15,3542.19
16570,0,15,3622.95
14282,0,15,3729.34
13999,1,15,3865.26
17809,1,15,4627.62
14135,0,15,4690.31
13013,0,15,4786.99
13756,0,15,5145.12
17730,0,15,5288.83
15694,0,15,6423.6
15249,1,15,6657.36
14952,2,15,7912.79
14733,1,15,9451.54
13001,0,15,9797.92
15251,1,15,10327.11
17139,1,15,10585.57
13890,0,14,1860.86
17790,1,14,1965.55
17940,2,14,1983.58
17696,1,14,2201.05
13115,0,14,2205.63
14502,1,14,2351.02
17071,0,14,2385.48
16912,1,14,2528.67
14243,0,14,2535.88
18075,1,14,2538.72
17965,1,14,2622.57
17659,0,14,2954.75
14456,0,14,3047.63
13742,1,14,3102.42
17231,1,14,3127.82
17220,1,14,3198.25
17725,1,14,3371.13
15581,4,14,3429.97
12553,0,14,3652.25
15298,0,14,3774.1
17651,1,14,3886.67
14401,0,14,4039.98
17419,1,14,4200.97
17975,1,14,4393.61
14191,0,14,4660.01
14159,1,14,4678.3
12955,0,14,4734.26
14292,0,14,4819.33
14709,1,14,4911.14
14329,0,14,4928.74
15547,0,14,4954.84
15301,2,14,5028.12
15719,1,14,5043.96
18226,1,14,5192.1
16553,6,14,5664.57
14944,1,14,5842.95
13097,1,14,5893.32
13871,1,14,6389.8
12705,1,14,6814.24
12731,1,14,18793.41
14088,1,14,50415.49
12494,1,13,1139.35
16817,0,13,1446.95
14573,6,13,1603.72
12523,0,13,1745.57
15021,0,13,1872.28
17870,0,13,1889.4
15518,2,13,1911.89
14776,2,13,2195.58
14211,2,13,2208.3
15373,0,13,2213.11
14239,2,13,2323.5
12483,1,13,2327.13
13588,1,13,2445.12
15521,1,13,2574.65
13983,1,13,2590.46
16241,1,13,2607.87
17402,0,13,2633.85
17069,1,13,2655.22
17924,0,13,2894.33
15514,1,13,2963.19
16156,0,13,3024.62
12619,1,13,3214.81
13880,1,13,3219.77
16818,1,13,3317.97
12647,1,13,3669.92
18073,4,13,3864.44
16186,1,13,3991.94
15570,0,13,4109.97
12500,1,13,4206.27
14525,0,13,4221.37
14390,1,13,4592.47
12362,0,13,5154.58
14110,0,13,5669.65
12472,1,13,6229.48
12626,1,13,6388.35
13093,9,13,7741.47
14866,1,13,14197.45
12678,2,13,17588.26
15737,1,12,1121.21
16794,0,12,1201.51
16359,0,12,1460.37
17997,3,12,1511.3
12877,0,12,1535.77
15660,1,12,1552.01
13184,1,12,1648.79
12457,2,12,1917.78
13571,1,12,2092.32
14825,0,12,2226.91
16293,0,12,2236.74
15281,2,12,2239.95
15235,7,12,2247.51
18257,2,12,2265.38
14659,0,12,2456.53
14701,1,12,2486.22
13021,0,12,2584.4
15696,1,12,2644.46
14713,1,12,2664.26
16316,2,12,2755.56
14112,1,12,2774.17
14711,1,12,2838.2
18144,0,12,2888.75
15854,0,12,2974.65
13631,3,12,3021.77
14099,1,12,3092.97
16837,1,12,3167.73
13993,1,12,3409.66
14395,0,12,3471.91
13426,0,12,3550.7
12417,0,12,3578.8
14132,0,12,3580.13
12662,0,12,3817.08
12779,1,12,3868.7
14291,0,12,3873.3
17769,1,12,3960.63
15529,1,12,3967.78
12957,0,12,3979.04
15971,1,12,4199.85
17364,0,12,4455.73
14755,1,12,4965.38
17061,3,12,5116.13
17858,0,12,5155.66
17716,1,12,5505.79
15023,0,12,6763.16
14961,1,12,7006.58
13324,1,12,7072.8
12980,5,12,7092.06
12428,1,12,7877.2
18092,0,12,9065.76
14062,1,12,10464.85
15201,3,11,927.84
13012,1,11,1311.62
15059,2,11,1325.82
12947,5,11,1407.29
17063,0,11,1421.59
12352,1,11,1545.41
16638,1,11,1676.47
13924,0,11,1682.08
16775,1,11,1695.66
17162,1,11,1707.21
13725,2,11,1809.81
16474,0,11,1811.47
17490,0,11,1926.88
13630,0,11,1995.68
18219,0,11,2019.77
18044,0,11,2085.65
14810,2,11,2087.88
15058,1,11,2124.99
16076,0,11,2173.53
15606,2,11,2422.64
15932,0,11,2461.85
13784,1,11,2462.79
17314,1,11,2514.76
13136,2,11,2545.38
15033,0,11,2571.02
12600,1,11,2581.04
16919,5,11,2596.45
18077,0,11,2633.01
13971,0,11,2702.22
17213,2,11,2741.08
15984,0,11,2816.97
17512,1,11,2920.04
15687,0,11,2981.5
17799,1,11,3026.08
12594,1,11,3320.22
15708,2,11,3329.72
15129,2,11,3447.4
17230,9,11,3466.67
17528,0,11,3540.1
17491,0,11,3541.92
15544,0,11,3542.51
16712,1,11,3645.43
15299,2,11,3787.09
17001,0,11,3989.57
12747,0,11,4196.01
15034,1,11,4277.66
15150,1,11,5303.97
16265,1,11,5423.15
16985,1,11,5461.62
16767,1,11,5580.6
12481,1,11,5590.86
17049,0,11,5594.78
13178,1,11,5725.47
15218,1,11,5756.89
14505,1,11,5818.7
13209,1,11,5820.16
17509,2,11,6100.74
16652,2,11,6654.26
18055,0,11,6752.14
13629,1,11,7792.36
12567,1,11,9114.94
12753,0,11,21024.01
17888,1,10,525.78
15304,2,10,680.3
17114,0,10,747.22
13491,2,10,1215.82
14901,1,10,1414.99
15473,1,10,1465.2
16016,0,10,1483.31
15916,1,10,1491.24
14441,0,10,1545.14
17837,2,10,1560.53
14587,1,10,1598.24
15953,1,10,1634.53
17451,0,10,1648.95
15024,1,10,1661.33
16813,0,10,1692.98
17705,0,10,1781.12
17422,1,10,1853.13
15351,1,10,1862.14
16942,1,10,1894.11
16150,1,10,1906.07
16426,0,10,1908.25
17218,0,10,1960.72
17612,2,10,1992.76
13305,0,10,2000.86
14188,0,10,2018.91
13126,0,10,2056.29
18061,1,10,2119.41
16407,1,10,2126.93
16057,0,10,2140.22
16966,0,10,2148.47
13755,0,10,2154.68
13862,1,10,2187.31
17442,1,10,2210.26
12704,0,10,2220.84
13700,1,10,2265.12
13704,0,10,2295.31
13394,0,10,2312.8
14309,0,10,2319.68
15527,1,10,2348.82
17530,0,10,2385
16710,1,10,2483.04
16255,1,10,2609.3
15671,1,10,2635.49
15796,0,10,2666.61
14732,0,10,2686.34
18230,1,10,2716.6
14903,1,10,2744.48
17504,7,10,2745.28
13870,0,10,2751.25
15993,0,10,2756.82
15114,1,10,2760.56
15356,1,10,2766.5
14572,0,10,2803.69
15628,0,10,2865.64
15632,1,10,3147.31
14388,0,10,3172.04
15764,3,10,3245.47
14221,2,10,3427.85
16019,0,10,3450.24
13448,1,10,3465.67
14907,0,10,3478.85
13082,4,10,3595.48
15296,2,10,3610.31
15845,1,10,3650.87
17091,0,10,3802.81
12867,1,10,3986.22
17567,0,10,4012.56
12949,1,10,4143.02
16549,1,10,4154.64
12664,0,10,4863.88
12490,0,10,5417.93
12637,2,10,5953.25
17338,1,10,6612.18
16873,0,10,7066.31
12744,2,10,9120.39
16180,4,10,10217.48
14769,0,10,10641.6
14258,1,10,12650.08
16306,7,9,602.27
16362,1,9,652.07
14201,2,9,688.04
17848,3,9,901.2
17323,1,9,908.99
17097,0,9,937.92
14083,0,9,1018.43
12679,2,9,1058.67
14744,1,9,1088.53
13610,1,9,1115.43
18168,6,9,1133.64
17800,1,9,1199.01
14794,0,9,1272.11
14738,2,9,1289.94
14071,0,9,1307.41
15365,1,9,1330.45
15596,4,9,1343.34
17368,1,9,1349.52
17204,6,9,1352.91
16394,2,9,1412.06
16996,1,9,1427.46
14878,1,9,1485.54
16365,1,9,1540.42
14704,1,9,1546.91
17828,0,9,1599.97
17193,1,9,1674.46
12843,2,9,1680.76
15241,2,9,1738.59
17629,0,9,1784.12
17663,1,9,1788.27
17750,0,9,1797.57
14533,1,9,1812.62
12963,0,9,1841.03
12423,0,9,1849.11
14524,1,9,1867.68
17293,0,9,1875.11
12853,4,9,1881.7
16875,2,9,2023.47
17861,0,9,2059.2
14696,0,9,2070.97
16954,0,9,2085.08
14407,4,9,2111.08
18008,3,9,2116.19
13317,2,9,2140.07
14341,2,9,2166.38
15811,1,9,2171.32
16550,4,9,2266.25
17188,1,9,2275.58
15270,1,9,2298.2
17211,1,9,2299.67
17434,0,9,2333.42
17634,1,9,2361.97
15750,0,9,2451.23
14546,0,9,2487.02
13883,0,9,2538.75
14334,1,9,2539.46
13911,2,9,2580.91
12408,1,9,2842.57
12473,1,9,2848.23
14868,0,9,2939.64
15861,1,9,3000.36
12598,1,9,3002.68
16686,2,9,3043.48
16717,1,9,3278.36
13842,2,9,3385.62
13137,1,9,3605.08
13327,1,9,3617.57
17173,0,9,3755.65
13435,0,9,3794.49
12727,1,9,3947.7
13183,0,9,3957.78
14547,0,9,3986.74
13988,1,9,4098.8
13384,1,9,4122.28
15874,2,9,4330.67
15093,1,9,4410.14
16609,1,9,5450.96
17416,1,9,6838.34
14936,1,9,8117.42
12477,1,9,13117.01
17988,1,8,191.17
15107,10,8,247.66
15881,11,8,438.24
17460,3,8,452.63
17867,1,8,622.75
17526,0,8,706.7
14976,2,8,765.86
16725,10,8,775.07
17109,1,8,869.68
14344,4,8,889.93
13549,1,8,916.12
13026,0,8,936.15
15658,6,8,958.9
15860,2,8,977.21
13117,1,8,984.91
12951,0,8,1042.07
13715,9,8,1053.94
17562,1,8,1107.38
17894,3,8,1119.81
12464,1,8,1212.05
14898,1,8,1228.32
15910,0,8,1232.18
12919,0,8,1301.44
14102,0,8,1314.73
13743,0,8,1340.15
17372,2,8,1342.68
14113,0,8,1377.92
15134,1,8,1387.99
18116,2,8,1418.03
15128,2,8,1419.54
13477,1,8,1441.53
13110,1,8,1452.87
14541,2,8,1461.65
12826,0,8,1468.12
14414,3,8,1485.13
15625,4,8,1504.56
16910,0,8,1510.06
16790,0,8,1520.12
15906,1,8,1521.79
16332,1,8,1583.2
12783,0,8,1603.87
15214,0,8,1661.44
16115,1,8,1667.97
14834,1,8,1698.35
16791,1,8,1706.28
15674,3,8,1744.02
15864,1,8,1769.78
16719,1,8,1773.92
13481,2,8,1776.81
15260,4,8,1780.77
16979,0,8,1809.05
17228,1,8,1906.09
16983,1,8,1920.2
12528,1,8,1922.28
14472,4,8,1936.84
14730,0,8,2005.06
17090,0,8,2041.85
14640,1,8,2042.15
14232,1,8,2043.93
12948,1,8,2053.7
12909,2,8,2128.83
12935,0,8,2156.45
12856,0,8,2162.68
16743,1,8,2191.84
17591,3,8,2215.02
13527,1,8,2263.76
15785,1,8,2303.75
15755,0,8,2318.88
15140,2,8,2350
14030,1,8,2360.09
15370,2,8,2360.55
14766,0,8,2423.07
14842,1,8,2456.8
17164,1,8,2466.4
17449,0,8,2504.86
18245,0,8,2507.56
14676,1,8,2543.24
17655,1,8,2571.74
18260,6,8,2595
14262,0,8,2618.23
15752,2,8,2628.93
14107,2,8,2688.48
14854,3,8,2749.89
13735,1,8,2766.18
17739,1,8,2786.05
14639,2,8,2952.34
16218,1,8,3054.87
12910,1,8,3075.04
16905,0,8,3085.48
15443,0,8,3212.16
17183,0,8,3286.91
13198,1,8,3384.09
15981,1,8,3408.48
16360,0,8,3411.69
15974,2,8,3429.55
15410,3,8,3450.84
17758,1,8,3456.7
13520,2,8,3487.75
16242,0,8,3598.26
15379,6,8,3631.89
17819,3,8,3661.07
14364,4,8,3717.35
12749,0,8,3868.2
14739,0,8,3899.1
12656,1,8,3982.72
13505,2,8,4282.88
12524,1,8,4485.72
12484,1,8,4495.27
17365,1,8,4801.56
17602,0,8,5050.77
13139,1,8,5055.79
15903,1,8,5126.34
15382,1,8,5927.86
13225,0,8,6083.04
17396,2,8,7330.8
18139,1,8,8393.22
12939,2,8,11581.8
16321,3,7,230.7
14910,0,7,389.86
15535,6,7,459.9
16892,0,7,496.84
16554,0,7,641.55
17874,6,7,658.26
14198,0,7,663.5
15038,2,7,665.59
13623,1,7,672.44
14883,1,7,756.64
12778,1,7,804.23
17027,3,7,848.59
13991,1,7,850.63
16027,3,7,852.12
16266,3,7,861.89
17007,2,7,877.43
13662,3,7,879.08
16419,4,7,959.48
15110,1,7,970.25
13509,0,7,979.72
17214,2,7,984.12
13410,0,7,988.91
17126,5,7,991.85
17096,1,7,992.68
14214,1,7,1000.23
15706,2,7,1001.81
12599,1,7,1032.58
16918,2,7,1043.34
15996,3,7,1044.78
17287,1,7,1064.11
14948,1,7,1066.57
13118,1,7,1125
17135,1,7,1139.73
15810,3,7,1145.43
13499,1,7,1146.96
16042,1,7,1147.37
16184,2,7,1155.54
16949,0,7,1161.27
14487,1,7,1183.58
14064,1,7,1188.32
12997,1,7,1197.94
13208,2,7,1205.9
18171,2,7,1208.51
14428,0,7,1230.14
16531,1,7,1244.59
17412,0,7,1258.06
14665,2,7,1258.38
14267,5,7,1279.09
13538,2,7,1280.85
14047,0,7,1290.01
16929,0,7,1295.39
12463,2,7,1303.63
16744,1,7,1304.76
18177,1,7,1314.17
15563,0,7,1319.69
13232,1,7,1357.6
14507,1,7,1368.18
17676,0,7,1383.27
16463,1,7,1383.7
15453,0,7,1388.37
14443,2,7,1400.88
16173,1,7,1406.57
15106,1,7,1407.73
17288,1,7,1419.73
15426,1,7,1429.9
13717,1,7,1432.26
14404,1,7,1434.72
15987,1,7,1451.28
16348,1,7,1469.45
16880,1,7,1519.08
16434,1,7,1522.25
16283,0,7,1531.51
16466,1,7,1603.46
14178,0,7,1620.93
17673,0,7,1622.22
13627,2,7,1624.02
16987,0,7,1625.05
17284,2,7,1641.68
15240,2,7,1685.57
17813,1,7,1714.6
13456,1,7,1737.82
13134,3,7,1740.63
15220,2,7,1758.92
16841,1,7,1774.62
14215,1,7,1777.92
13650,1,7,1809.34
17519,1,7,1839.07
16455,2,7,1841.18
16170,2,7,1880.42
14210,3,7,1900.89
14409,3,7,1908.25
12674,1,7,1919.31
13246,1,7,1922.1
17337,5,7,1944.32
14653,0,7,1947.55
15493,1,7,1967.25
13590,1,7,1976.12
16098,3,7,2005.63
18069,1,7,2021.82
12610,1,7,2057.99
14209,1,7,2067.13
17191,1,7,2095.13
15179,1,7,2186.2
14226,1,7,2201.64
16735,3,7,2269.21
14466,1,7,2272.4
12684,0,7,2283.63
17744,0,7,2291.08
15105,1,7,2298.93
14493,0,7,2362.84
16143,0,7,2419.84
13658,1,7,2421.47
14315,1,7,2456.98
17682,1,7,2459.33
16477,2,7,2494.46
13975,1,7,2503.23
15572,0,7,2552.86
14408,1,7,2606.53
12726,1,7,2609.1
12721,1,7,2628.98
13804,1,7,2635.79
18097,0,7,2692.85
14626,0,7,2757.07
16871,1,7,2761.49
17596,1,7,2827.93
16633,1,7,2878.15
18094,3,7,3017.3
18272,0,7,3064.78
15491,3,7,3090.85
14175,2,7,3108.06
13685,0,7,3119.44
13758,1,7,3190.55
17685,1,7,3191.53
16107,1,7,3204.16
16556,2,7,3313.79
17669,2,7,3406.72
13437,1,7,3408.06
13536,0,7,3448.29
15505,2,7,3497.14
13953,0,7,3515.68
13381,1,7,3626.81
12562,0,7,3781.74
17937,0,7,4301.22
12347,0,7,4310
12627,1,7,4478.53
14004,2,7,4582.64
17133,1,7,4892.24
13941,1,7,4912.41
17426,0,7,5022.26
15727,1,7,5178.96
17686,0,7,5739.46
12830,1,7,6748.4
12766,0,7,6989.63
17107,1,7,10380.43
13340,2,7,10736.48
12409,3,7,11056.93
12433,0,7,13375.87
18037,5,6,70.02
16998,5,6,287.02
17912,10,6,295.61
16668,1,6,306.72
15809,1,6,399.21
16500,0,6,400.86
13092,3,6,459.83
15081,1,6,487.35
13984,1,6,488.03
12601,6,6,569.56
18183,7,6,600.52
14342,1,6,607.71
16566,1,6,614.01
15215,2,6,615.99
13925,1,6,616.65
16915,1,6,621.68
17994,4,6,629.69
15100,11,6,635.1
14829,1,6,644.65
15643,6,6,647.4
15400,3,6,666.7
16770,2,6,744.9
17180,2,6,780.38
13884,0,6,781.3
14475,3,6,799.82
16600,0,6,813.52
12693,4,6,830.96
16877,1,6,853.72
16235,2,6,858.41
17048,4,6,864.32
15208,0,6,867.62
14623,1,6,869.35
14141,0,6,879.03
18236,1,6,882.24
14359,1,6,882.58
17527,2,6,888.86
12722,3,6,904.33
17552,2,6,909.96
14289,0,6,911.26
13782,1,6,912
16809,1,6,912.74
15253,1,6,915.3
17236,1,6,916.13
17227,1,6,939.32
13636,1,6,941.62
15681,1,6,946.36
13138,1,6,962.39
14931,0,6,964.68
15434,0,6,997.48
15508,6,6,1000.27
13728,1,6,1016.14
12828,0,6,1018.71
18221,1,6,1033.31
12691,1,6,1035.8
16094,1,6,1041.83
13282,1,6,1047.84
14078,4,6,1049.37
15027,1,6,1051.95
14419,1,6,1058.06
15745,0,6,1071.24
13310,0,6,1083.63
17095,1,6,1088.2
13104,0,6,1098.48
17609,2,6,1103.92
16086,2,6,1119.31
17302,1,6,1119.93
13882,0,6,1131.28
16989,0,6,1133.25
14723,1,6,1158.3
15621,0,6,1158.77
14745,4,6,1167.16
13752,4,6,1186.28
15841,2,6,1209.1
13860,0,6,1240
17633,1,6,1242.34
14511,1,6,1267.41
16899,0,6,1281.56
14297,1,6,1284.06
17671,1,6,1284.08
12576,1,6,1306.98
14748,1,6,1311.79
16493,3,6,1329.66
12676,1,6,1331.39
12775,1,6,1351.24
17054,1,6,1353.83
18167,0,6,1355.51
14434,1,6,1372.8
13995,1,6,1383.49
15898,0,6,1384.68
17856,0,6,1393.79
14741,1,6,1400.34
16271,0,6,1423.29
16103,0,6,1429.64
16059,2,6,1459.86
13320,3,6,1491.7
15532,1,6,1517.08
13213,2,6,1518.43
15620,2,6,1524.4
13397,3,6,1539.18
15117,1,6,1550.13
17085,4,6,1555.05
18178,4,6,1573.41
14719,0,6,1592.18
16992,1,6,1601.86
12868,6,6,1607.06
14312,2,6,1611.59
15122,3,6,1612.13
18161,1,6,1612.79
17147,1,6,1679.64
15380,0,6,1682.36
17702,1,6,1719.72
17754,0,6,1739.92
14595,1,6,1740.6
17873,3,6,1764.36
14621,0,6,1765.76
15594,1,6,1767.53
16681,3,6,1770.34
18179,1,6,1793.17
12381,0,6,1803.96
18122,0,6,1826.21
15203,1,6,1827.8
12383,6,6,1839.31
15814,0,6,1842.73
17469,1,6,1843.06
18180,0,6,1843.75
17463,1,6,1881.36
16341,1,6,1959.38
13495,0,6,1990.12
13593,4,6,1990.28
13450,1,6,2043.72
17086,0,6,2050.08
18231,7,6,2066.17
14482,1,6,2068.15
15834,3,6,2084.9
14515,1,6,2102.09
13632,1,6,2117.02
15722,1,6,2181.21
16628,1,6,2183.04
13831,1,6,2202.99
14432,1,6,2255.51
12782,0,6,2273.32
14290,1,6,2307.45
17838,1,6,2312.7
13994,0,6,2313.14
17722,3,6,2380.64
13141,3,6,2385.8
15089,1,6,2420.84
13949,0,6,2427.32
12517,1,6,2464.89
12455,3,6,2466.86
17700,1,6,2508.89
12520,3,6,2582.51
18210,0,6,2621.38
16618,1,6,2630.64
17386,0,6,2686.42
13654,2,6,2707.33
12840,5,6,2714.27
14121,0,6,2740.3
12388,1,6,2780.66
14852,2,6,2836.69
12685,1,6,2863.08
13451,1,6,2916.45
14530,1,6,2925.91
14146,0,6,2949.57
16497,2,6,2965.69
12670,1,6,2986.15
14307,3,6,2995.72
14565,3,6,3073.77
15998,1,6,3084.17
14257,2,6,3087.27
14235,1,6,3093.86
15065,1,6,3135.98
17863,2,6,3160
12613,1,6,3218.98
17050,3,6,3228.84
17723,4,6,3276.4
14841,2,6,3295.76
12643,4,6,3344.64
16131,2,6,3506.54
17160,1,6,3518.03
14503,0,6,3543.26
17203,1,6,3563.85
12668,0,6,3743.18
13523,1,6,3755.38
16655,1,6,3794.52
16327,1,6,3844.22
13802,5,6,3906.27
17593,0,6,3911.56
14422,0,6,4263.64
12700,0,6,4867.99
14049,1,6,5639.15
14101,3,6,5976.79
12359,0,6,6245.53
13027,4,6,6912
12451,1,6,8933.52
13217,4,5,133.62
17440,5,5,177.1
16900,1,5,187.69
13079,0,5,220.1
16499,12,5,319.1
13856,6,5,363.4
15048,2,5,380.57
15938,4,5,404.58
16233,3,5,422.13
13171,0,5,426.81
17869,4,5,428.18
15468,1,5,438.46
16768,2,5,458.04
16859,4,5,473.14
15344,0,5,476.58
16955,6,5,493.67
15882,7,5,495.36
14077,2,5,499.42
16325,2,5,510.54
16933,0,5,530.08
17062,11,5,534.47
13894,1,5,535.97
14177,3,5,554.46
14176,10,5,574
14692,5,5,582.05
18232,3,5,582.47
16203,2,5,589.15
14133,4,5,590.34
16654,5,5,594.97
18211,1,5,600.07
12654,1,5,601.98
13145,2,5,614.77
16750,2,5,623.93
16444,2,5,638.77
17779,1,5,642.17
13564,5,5,647.74
15098,6,5,649.5
16774,2,5,654.92
15197,0,5,656.44
12616,3,5,657.25
15669,2,5,677.69
13524,2,5,680.18
15181,2,5,680.28
13238,1,5,680.83
18135,1,5,681.91
14959,2,5,684.97
14111,1,5,688.6
12413,2,5,694.15
12781,1,5,707.72
12427,1,5,708.37
15855,5,5,712.24
15584,1,5,722.61
15561,1,5,722.74
12723,0,5,725.07
13950,1,5,728.56
13575,1,5,732.07
17692,4,5,733.44
17979,1,5,737.81
15533,1,5,746.92
15618,1,5,747.031
16470,2,5,757.44
13109,0,5,766.84
17516,1,5,768.08
16092,3,5,779.36
13323,0,5,787.85
16438,0,5,798.35
16869,1,5,805.62
12421,1,5,806.27
17115,0,5,806.9
16891,0,5,809.7
16660,1,5,810.45
17075,1,5,813.77
14231,6,5,822.06
17929,1,5,834.5
14657,1,5,838.27
14625,6,5,848.48
17560,3,5,854.95
14553,1,5,859.27
16801,6,5,867.83
17731,3,5,878.2
15079,7,5,893.66
12994,0,5,902.22
15511,1,5,909.23
15312,3,5,921.1
12924,3,5,929.95
12697,1,5,939.02
13748,3,5,948.25
17405,0,5,967.22
15449,1,5,971.22
15132,1,5,977.93
16085,1,5,981.51
16907,1,5,981.65
16232,1,5,983.23
18237,0,5,987.1
14389,0,5,999.72
15329,1,5,1005.5
12936,1,5,1012.9
14276,3,5,1019.39
15839,1,5,1020.74
15777,8,5,1021.61
13956,0,5,1026.42
16533,1,5,1026.94
16682,0,5,1028
14584,6,5,1029.26
13719,1,5,1041.68
17042,0,5,1044.38
14583,0,5,1052.55
15238,1,5,1056.54
17522,0,5,1070.71
15712,1,5,1072.36
16225,2,5,1096.32
17966,1,5,1098.43
16350,1,5,1100.47
14129,0,5,1123.86
16637,1,5,1124.59
17470,2,5,1125.07
16172,3,5,1140.21
18125,1,5,1141.34
17770,7,5,1143.27
12657,1,5,1152.06
17348,1,5,1159.52
14447,1,5,1163.23
17653,1,5,1175.88
15605,1,5,1198.23
17410,1,5,1214.72
17774,3,5,1215.46
15227,1,5,1219.4
14684,1,5,1236.28
17481,0,5,1249.34
14698,0,5,1250.76
17262,2,5,1253.36
17350,0,5,1256.19
14916,3,5,1264.84
15136,0,5,1282.45
16571,0,5,1285.22
12854,3,5,1289.15
15108,5,5,1291.75
16120,2,5,1294.14
14477,1,5,1307.81
13168,1,5,1310.14
15411,1,5,1346.38
14859,1,5,1352.04
16245,1,5,1352.36
13813,2,5,1353.41
16389,2,5,1362.27
15095,4,5,1364.7
15569,4,5,1375.71
13159,0,5,1379.75
16726,1,5,1382.02
14116,1,5,1382.74
12952,0,5,1382.84
16503,4,5,1421.43
14403,4,5,1426.31
14035,1,5,1428.02
17175,2,5,1430.94
15858,1,5,1438.85
14233,2,5,1447.51
14875,1,5,1448.72
14229,2,5,1450.6
13309,0,5,1456.79
13692,1,5,1466.87
18016,1,5,1483.56
16755,4,5,1484.63
16395,2,5,1486.9
14963,1,5,1487.8
15392,0,5,1515.73
16748,1,5,1515.9
16066,1,5,1521.87
13107,2,5,1524.07
14321,1,5,1530.75
13186,2,5,1539.69
14442,0,5,1544.62
13313,1,5,1555.32
16676,1,5,1558.72
18239,7,5,1561.61
13634,1,5,1575.16
12530,2,5,1623.63
15172,0,5,1624.05
16515,2,5,1627.13
14837,3,5,1641.2
13162,4,5,1644.99
13750,2,5,1647.26
16711,0,5,1651.03
13577,1,5,1658.3
12912,0,5,1662.3
13647,1,5,1670.22
17656,3,5,1674.69
14245,6,5,1677.48
13824,1,5,1698.94
15950,0,5,1705.26
12407,2,5,1708.12
15267,1,5,1717.36
13157,2,5,1721.57
15050,1,5,1727.17
14673,0,5,1736.4
17457,4,5,1737.7
17930,1,5,1740.48
13808,0,5,1747.66
12645,1,5,1755.38
12823,3,5,1759.5
13510,0,5,1785.16
13875,2,5,1786.79
17648,2,5,1789.55
16249,2,5,1800.07
15812,4,5,1801.14
14305,3,5,1803.76
13048,1,5,1805.91
16201,0,5,1821.52
16153,2,5,1824.23
13982,2,5,1861.11
17738,1,5,1863.35
15367,2,5,1867.69
15157,0,5,1869.5
16128,1,5,1880.22
16938,0,5,1903.13
17406,11,5,1928.72
14655,0,5,1930.15
14978,3,5,1931.42
17554,0,5,1952.45
14498,2,5,1957.32
17827,0,5,1995.46
14506,1,5,2012.17
16358,0,5,2024.95
16409,1,5,2028.88
17667,2,5,2055.51
12518,0,5,2056.89
12928,1,5,2062.7
18093,3,5,2083.42
15815,2,5,2100.6
13265,2,5,2107.66
13517,2,5,2109.07
14691,1,5,2114.33
17400,4,5,2129.96
16379,0,5,2131.9
12633,2,5,2140.63
17272,2,5,2144.53
16456,3,5,2158.37
13680,0,5,2202.31
16771,1,5,2246.81
16209,3,5,2262.62
15288,2,5,2306.52
13908,3,5,2347.05
14440,0,5,2357.68
17131,0,5,2463.17
12913,0,5,2483.63
17728,0,5,2515.68
17317,2,5,2524.02
13895,1,5,2588.12
13644,0,5,2597.52
13771,2,5,2631.7
12380,1,5,2720.56
16003,1,5,2735.37
16081,2,5,2806.9
13901,3,5,2867.2
14005,1,5,2874.72
14251,0,5,2879.7
12906,1,5,2919.81
12754,8,5,2949.12
12916,5,5,2982.35
16709,3,5,3029.87
13362,0,5,3085.49
17059,1,5,3095.04
14145,2,5,3148.2
15676,1,5,3324.09
13015,2,5,3346.28
15228,2,5,3376.96
15484,0,5,3563.11
16440,0,5,3640.67
12597,1,5,3683.13
16240,0,5,3693.81
12502,3,5,3723.87
15808,10,5,3724.77
12539,1,5,3852.5
15416,2,5,3974.37
13815,1,5,4014.91
12536,0,5,4106.82
14016,5,5,4328.46
16984,3,5,4392.42
15032,9,5,4464.1
14286,1,5,4595.81
12714,1,5,4708.86
15786,2,5,4834.2
12444,1,5,5005.46
12432,2,5,5059.32
16258,2,5,5203.51
13316,1,5,5815.49
12557,1,5,11990.96
17900,6,4,15
17816,1,4,36.56
16462,2,4,102
12504,1,4,114
13420,5,4,140.35
14287,0,4,151.23
15920,5,4,167.5
16112,5,4,195.74
16356,7,4,210.32
14205,1,4,218.78
17572,3,4,226.75
15483,5,4,233.81
16330,1,4,242.21
12908,2,4,246
13592,1,4,247.96
13277,1,4,258.4
16217,8,4,259.39
16297,7,4,275.4
14339,8,4,289.91
18059,1,4,296.71
15060,0,4,303.09
12888,7,4,313.77
16473,6,4,314.86
16342,3,4,322.41
15781,1,4,333.56
17736,1,4,337.49
18155,3,4,347.82
12845,9,4,354.09
17573,1,4,362.9
17375,6,4,372.5
13873,4,4,381.7
14460,4,4,383.34
12930,3,4,409.9
12993,1,4,414.76
16816,4,4,417.06
15206,1,4,420.3
15646,5,4,425.14
15406,1,4,426.61
14513,4,4,438.49
17579,0,4,440.2
16898,1,4,444.46
17370,3,4,446.18
13489,4,4,449.52
14173,1,4,450.84
12970,0,4,452.24
16038,0,4,454.33
15754,2,4,455.67
15018,1,4,456.26
15589,8,4,456.58
13928,1,4,464.57
17950,3,4,472.12
16863,1,4,481.35
16488,1,4,492.2
13247,1,4,501.12
13865,2,4,501.56
15469,2,4,504.5
14820,1,4,507.29
15467,1,4,511.88
14034,1,4,512.02
17429,4,4,512.12
17454,7,4,517.53
14871,0,4,522.38
15756,2,4,532.96
16206,2,4,537.06
17345,1,4,537.74
14618,1,4,538.59
14997,2,4,540.98
17897,6,4,541.1
16475,3,4,544.3
12879,2,4,552.57
14338,5,4,554.22
14805,1,4,554.65
13816,1,4,555.04
13939,1,4,556.75
17955,7,4,557.3
14273,2,4,559.97
17014,0,4,565.58
14323,4,4,574.26
14167,2,4,574.84
15550,0,4,575.63
13314,0,4,578.66
16906,3,4,579.77
15768,4,4,581.83
12695,0,4,582.1
15969,0,4,582.9
15624,4,4,588.13
13811,6,4,591.75
12577,1,4,595.4
14467,1,4,598.76
15648,7,4,599.9
14609,3,4,601.56
12649,4,4,603.71
13558,0,4,605.06
17849,7,4,605.8
13539,3,4,605.84
14710,1,4,606.13
12933,1,4,606.28
15073,1,4,612.43
16005,1,4,615.39
13301,4,4,618.09
18218,7,4,626.38
15028,0,4,627.13
13892,1,4,632.97
15297,1,4,635.04
17515,1,4,639.02
14126,0,4,643.63
16157,1,4,644.24
17373,2,4,646.92
16573,3,4,648.41
13430,1,4,648.69
16469,1,4,650.43
15571,1,4,650.43
17523,1,4,652.74
14044,1,4,652.82
16014,1,4,653.13
16696,5,4,657.9
17423,2,4,663.63
13240,3,4,663.65
13963,10,4,664.54
13741,3,4,666.33
14356,2,4,666.94
15031,0,4,668.14
17299,1,4,669.11
17883,0,4,671.77
14504,2,4,673.26
16122,3,4,684.42
17502,1,4,689.1
16015,0,4,690.54
13838,0,4,691.73
17796,2,4,697.9
14867,6,4,701.33
15574,6,4,702.25
16730,2,4,702.79
12883,1,4,703.47
16140,2,4,703.77
13147,1,4,712.8
17884,0,4,717.45
17521,1,4,721.96
13077,0,4,729.27
17812,1,4,732.16
17034,1,4,734.57
16924,1,4,739.5
13329,1,4,740.4
14790,1,4,745.06
16261,1,4,746.83
15831,2,4,747.76
15656,2,4,748.5
17411,1,4,748.94
16205,1,4,761.38
18136,2,4,761.83
17268,4,4,763.64
12434,3,4,765.19
12628,0,4,769.61
14662,1,4,771.17
16759,0,4,772.84
16043,1,4,773.99
14234,1,4,775.46
14644,1,4,780.46
13212,1,4,780.58
15679,1,4,781.28
17006,0,4,781.78
18248,4,4,783.02
15743,1,4,784.46
13167,1,4,791.33
13720,4,4,799.9
17905,3,4,800.24
16806,4,4,801.49
16164,1,4,802.53
15952,1,4,806.57
15525,0,4,811.02
15644,6,4,813
16621,2,4,813.48
17169,2,4,816.88
13220,3,4,819.29
17921,2,4,826.52
16747,1,4,826.96
13681,1,4,827.83
15862,0,4,832.88
13835,1,4,834.57
12728,3,4,836.33
13940,1,4,839.14
15965,1,4,845.64
13846,1,4,847.61
14577,1,4,859.71
12680,0,4,862.81
14715,1,4,867.38
13203,1,4,869.46
13200,1,4,870.09
16513,0,4,874.59
12940,2,4,876.29
13515,3,4,891.12
16361,1,4,896.66
13810,1,4,899.51
14081,9,4,904.67
15022,1,4,905.04
14449,1,4,907.1
16714,7,4,911.53
15587,2,4,913.68
14532,8,4,932.85
16657,1,4,933.62
15289,1,4,935.1
17289,1,4,936.16
12820,0,4,942.34
15707,1,4,945.58
15793,1,4,948.96
15421,2,4,950.36
15835,2,4,954.09
13155,1,4,971.76
14522,1,4,974.54
14223,3,4,975.23
16188,2,4,981.86
15062,3,4,987.86
17324,1,4,990.23
17951,2,4,990.84
16009,1,4,992.71
17724,2,4,995.65
17646,7,4,995.66
16572,4,4,999.7
13429,1,4,1006.8
13455,1,4,1007.35
16160,2,4,1009.45
18142,5,4,1014.9
16416,1,4,1026.99
12724,0,4,1031.41
16520,6,4,1036.62
16175,3,4,1037.59
13131,1,4,1039.3
14446,0,4,1039.58
15801,2,4,1042.19
18130,0,4,1045.74
14293,0,4,1046.56
14224,4,4,1050.12
16728,2,4,1054.67
15407,1,4,1056.44
17041,1,4,1065.77
14352,5,4,1078.96
15489,1,4,1090.03
13476,6,4,1092.77
15608,1,4,1093.68
14708,0,4,1096.67
13447,1,4,1104.23
16833,0,4,1106.53
15730,2,4,1108.38
12399,4,4,1108.65
15716,5,4,1118.81
13064,1,4,1119.49
12462,0,4,1124.01
14824,1,4,1127.71
12710,3,4,1130.57
15500,0,4,1131.56
17585,4,4,1133.07
13500,1,4,1136.77
16062,1,4,1153.62
13611,3,4,1158.2
12885,2,4,1158.27
16639,1,4,1169.38
16612,1,4,1187.66
15145,0,4,1194.73
12967,0,4,1194.75
17720,1,4,1195.94
13158,3,4,1201.06
13055,2,4,1201.96
18263,1,4,1211.08
14913,1,4,1227.43
17802,3,4,1251.84
12507,5,4,1258.06
17388,3,4,1259.56
16842,2,4,1260.44
16688,0,4,1260.86
16951,4,4,1262.75
15199,2,4,1268.7
17019,1,4,1272.61
16224,2,4,1295.3
12364,0,4,1313.1
16370,3,4,1320.56
13396,1,4,1325.29
16295,1,4,1328.55
17621,1,4,1336.1
16045,4,4,1340.7
15116,1,4,1352.75
14897,0,4,1366.38
13308,1,4,1367.61
16669,1,4,1370.87
16539,0,4,1388.81
14019,2,4,1398.96
15237,0,4,1412.32
14649,0,4,1417.29
14740,6,4,1423.21
13475,6,4,1431.78
17073,1,4,1446.09
14591,1,4,1447.14
15983,1,4,1475.02
14758,5,4,1484.06
17002,3,4,1487.78
16279,1,4,1496.68
17571,2,4,1498.51
15530,1,4,1502.35
17152,7,4,1503.5
12937,1,4,1504.27
17159,1,4,1534.73
15701,0,4,1542.14
14038,3,4,1554.48
16496,0,4,1562.22
12393,3,4,1582.6
14970,2,4,1592.06
12669,5,4,1607.73
13614,1,4,1610.46
14336,1,4,1614.91
14937,2,4,1617.63
17101,1,4,1621.73
16398,5,4,1631.15
15002,4,4,1641.76
15826,2,4,1649.36
15549,3,4,1655.76
14045,4,4,1659.75
15332,12,4,1661.06
13149,1,4,1676.06
16007,2,4,1701.94
17043,1,4,1735.18
17092,2,4,1777.78
14608,0,4,1785.15
12348,3,4,1797.24
13196,1,4,1797.78
16169,0,4,1822.97
14216,0,4,1839.3
17787,5,4,1865.19
15641,4,4,1887.2
15819,2,4,1905.45
14285,1,4,1910.01
18204,3,4,1979.3
12585,8,4,1982.81
17088,1,4,1991.01
18188,1,4,1998.49
14001,2,4,2030.33
17625,1,4,2047
13297,0,4,2089.85
12560,0,4,2101.39
18173,3,4,2106.84
14360,1,4,2128.23
15394,1,4,2183.54
12755,8,4,2203.2
15797,4,4,2207.4
18242,3,4,2232.49
12615,0,4,2291.19
15704,5,4,2293.62
13722,4,4,2369.16
14554,1,4,2381.04
17589,2,4,2404.17
14163,3,4,2445.91
13507,0,4,2479.16
13471,0,4,2531.58
16308,1,4,2560
15782,1,4,2593.94
12836,2,4,2612.86
15321,2,4,2650.73
13285,1,4,2709.12
12578,1,4,2753.36
14535,2,4,2841.09
18145,1,4,2861.55
15673,3,4,2881.02
13869,4,4,3104.95
17672,2,4,3106.62
12456,2,4,3153.89
14844,2,4,3189.81
12480,1,4,3281.63
15113,1,4,3439.41
12370,2,4,3545.69
18079,2,4,3651.97
12429,1,4,3750.4
18087,3,4,3770.12
14277,1,4,3957
12449,1,4,4067.29
13555,3,4,4149.28
16303,1,4,5305.83
16126,1,4,6287.77
16182,3,4,6617.65
15749,8,4,21535.9
16446,0,3,2.9
15516,2,3,62.43
13666,2,3,84.65
16498,5,3,86.12
17024,2,3,95.85
15973,8,3,99.77
14836,1,3,102.45
14586,8,3,134.16
14768,1,3,139.5
13003,4,3,149.05
16861,2,3,151.65
14798,2,3,173.74
18282,0,3,176.6
16080,3,3,176.6
17693,5,3,187.02
17166,1,3,189.49
14501,2,3,190.31
12797,12,3,194.18
16832,6,3,199.15
14385,1,3,202.11
18273,0,3,204
16866,5,3,207.74
16690,2,3,208.63
15724,7,3,212.3
18193,5,3,212.96
16897,10,3,213.03
17580,8,3,215.72
18030,0,3,220.7
15462,3,3,234.6
15598,1,3,235.68
18024,5,3,236.78
18270,1,3,238.95
16048,3,3,243.69
17892,2,3,244.1
17190,2,3,249.74
15759,7,3,253.04
12829,11,3,253.05
14765,1,3,254.11
16226,7,3,255.12
14915,3,3,258.83
15577,5,3,258.88
14149,7,3,259.43
17550,7,3,267.16
13242,4,3,270.4
13533,6,3,270.79
13058,1,3,271.4
13085,5,3,272.38
18190,7,3,274.51
13606,1,3,280.54
17080,1,3,285.5
13479,7,3,291
13502,1,3,292
16689,3,3,303.26
17157,0,3,306.55
17334,10,3,306.6
15101,0,3,310.03
15224,12,3,310.48
17266,0,3,310.64
14264,5,3,319.47
16716,9,3,319.8
12365,10,3,320.69
13497,9,3,321.05
14823,6,3,321.43
18276,1,3,323.36
15675,3,3,323.69
15213,11,3,325.05
17615,4,3,329.6
16593,2,3,330.03
12891,6,3,331
16478,1,3,331
17045,4,3,339.44
17917,2,3,341.28
16851,0,3,342.45
14320,7,3,343.11
18081,1,3,343.45
15840,2,3,345.66
15713,5,3,346.75
13587,1,3,347
12895,2,3,347.3
12527,3,3,348.71
18127,1,3,348.73
13919,2,3,350.16
17835,0,3,350.64
15334,5,3,351.67
14500,3,3,356.85
17025,2,3,357.77
14690,2,3,358.61
16378,8,3,362.95
15901,1,3,363.88
15429,1,3,364.9
17765,5,3,371.88
16239,2,3,372.9
13954,0,3,378.59
15885,3,3,379.35
16484,6,3,379.4
14731,2,3,380.02
16930,1,3,380.55
15440,2,3,383.68
14779,9,3,386.15
17817,0,3,387.68
17035,8,3,388.33
13255,0,3,390.66
14620,7,3,393.28
17830,0,3,398.7
14157,1,3,400.43
12498,1,3,403.7
18036,1,3,405.62
14616,8,3,406.08
16010,8,3,407.5
12990,1,3,409.5
12579,3,3,410.72
13827,2,3,412.05
17483,2,3,414.04
12493,6,3,416.79
13473,2,3,417.54
15433,3,3,417.87
12593,4,3,418.1
13140,4,3,423.72
17371,1,3,423.89
12452,1,3,428.57
16324,4,3,428.68
12827,0,3,430.15
13066,1,3,430.9
13338,5,3,431.82
16948,5,3,435.02
16034,7,3,437.7
15877,0,3,440.78
16163,8,3,441.6
15456,9,3,447.22
18158,1,3,451.75
13506,11,3,452.82
17564,1,3,454.01
15223,8,3,454.9
12375,0,3,455.42
12999,7,3,455.88
16589,3,3,459.24
14853,0,3,463.05
12787,1,3,463.66
15036,3,3,465.55
14147,2,3,468.4
13005,6,3,468.95
15026,3,3,469
16885,1,3,471.51
14013,4,3,473.02
15780,6,3,475.28
12479,0,3,477.3
16008,1,3,478.78
16518,2,3,480.92
14450,6,3,483.25
12808,1,3,483.65
15287,1,3,485.24
17658,1,3,485.88
17361,2,3,488.2
14681,3,3,498.95
14958,5,3,499.68
16960,1,3,507.05
12811,9,3,514.85
13643,1,3,519.44
18017,3,3,523
17631,0,3,528.33
14463,3,3,529.62
16706,1,3,531.35
13000,4,3,534.85
12559,10,3,536.21
16804,1,3,536.99
16278,1,3,537.83
15452,1,3,538.73
13812,2,3,539
17557,1,3,541.46
16927,4,3,543.05
13617,2,3,544.18
12987,3,3,545
15315,2,3,551.54
16385,2,3,555.89
17295,1,3,556.95
15339,2,3,557.57
18043,1,3,559.51
13946,3,3,561.57
12414,7,3,562.41
12384,1,3,566.16
18150,1,3,566.58
17540,0,3,570.4
14592,1,3,570.46
17616,6,3,571.2
13405,3,3,572.451
13379,1,3,572.56
13487,2,3,575.4
14284,1,3,578.45
13427,1,3,582.6
16838,7,3,582.9
17360,1,3,585.79
17351,1,3,587.15
17119,0,3,593.61
14108,1,3,594.16
17864,1,3,597.5
16298,1,3,598.2
13959,3,3,598.2
17420,2,3,598.83
14905,5,3,599.9
16134,1,3,603.69
12719,0,3,608.1
14152,3,3,611.09
18149,2,3,612.08
13914,0,3,613.95
16442,0,3,616.79
13496,1,3,617.93
14593,1,3,617.99
14529,2,3,620.04
13546,1,3,626.99
13388,4,3,627.15
17990,8,3,630.84
14021,5,3,631.9
15045,5,3,633.66
16139,1,3,635.41
15384,6,3,635.76
13318,0,3,640.76
16431,7,3,642.81
17312,5,3,644.3
17545,2,3,645.96
15651,1,3,646.3
15205,3,3,648.83
16969,2,3,650.41
16734,2,3,650.51
17398,4,3,653.38
14818,3,3,657.8
16357,1,3,658.88
13028,1,3,659.68
17462,2,3,662.94
14720,0,3,663.81
15700,6,3,664.03
17777,1,3,665.86
14643,6,3,668.61
15951,0,3,669.57
13951,6,3,674.45
16449,6,3,674.69
16418,2,3,675.27
16642,0,3,679.83
16872,3,3,680.02
12410,10,3,681.08
16212,1,3,681.19
15582,1,3,682.91
12942,5,3,683.9
16495,0,3,684.41
14009,7,3,685.93
16309,3,3,686.67
17198,1,3,692.22
15053,0,3,697.79
13258,1,3,698.58
17734,2,3,700.63
16997,10,3,702
16882,2,3,705.12
14880,3,3,706.19
16136,2,3,709.38
14127,4,3,709.71
17472,6,3,710.29
13249,3,3,711.41
17179,6,3,711.79
13705,0,3,711.86
16023,2,3,719.81
18062,6,3,720.52
14869,0,3,721.95
13736,0,3,724
12468,5,3,724.04
13236,1,3,727.27
18035,1,3,730.4
16099,2,3,731.9
12465,0,3,733.89
16146,5,3,734.13
17974,1,3,740.79
13900,6,3,740.95
17146,4,3,749.78
17461,1,3,757.46
15568,0,3,758.29
14412,1,3,761.33
15239,1,3,764.34
18228,2,3,769.2
15414,1,3,774.9
17797,1,3,780.43
17341,5,3,781.36
15806,2,3,784.58
13016,3,3,789.89
13389,1,3,797.96
17703,1,3,798.74
13929,6,3,802.85
12422,3,3,803.56
13637,2,3,810.5
17980,6,3,811.45
16460,1,3,814.72
13280,4,3,814.86
14499,1,3,815.32
15399,0,3,815.77
16560,1,3,816.51
16943,7,3,816.73
17759,1,3,834.99
17076,1,3,841.08
14912,1,3,841.52
12878,1,3,841.64
15164,2,3,843.05
14803,6,3,845.55
12379,3,3,850.29
16020,1,3,851.01
16037,9,3,855.02
17064,2,3,859.35
16221,1,3,864.86
14332,1,3,866.31
13037,5,3,881.07
15799,3,3,884.14
13035,2,3,886.63
15865,2,3,895.13
17044,0,3,897.43
17886,1,3,899.61
15807,2,3,903.9
16584,3,3,908.03
13038,3,3,908.46
13350,1,3,910.72
18096,1,3,911.15
14712,1,3,917.07
12822,3,3,918.98
14140,0,3,920.05
16551,3,3,922.12
14256,9,3,935.06
14629,0,3,939.21
14075,0,3,942.26
15787,1,3,948.05
16511,1,3,950.26
15156,0,3,961.49
14006,4,3,962.19
14195,7,3,962.7
15907,0,3,967.45
17618,0,3,971.58
15747,1,3,974.04
16376,0,3,977.52
15506,1,3,979.26
18170,1,3,980.31
12717,5,3,980.98
12541,1,3,981.18
15133,4,3,982.42
14540,1,3,996.26
13032,1,3,996.52
15104,6,3,1002.54
12572,0,3,1004.72
14631,2,3,1006.98
16174,4,3,1009.55
14775,2,3,1011.9
12642,1,3,1013.26
13867,1,3,1015.29
13376,3,3,1019.76
17033,3,3,1030.14
15985,4,3,1037.42
15192,4,3,1044.32
13791,2,3,1047.68
15763,1,3,1048.67
14514,2,3,1055.35
14465,8,3,1058.62
16214,6,3,1062.75
14561,3,3,1080.76
18189,3,3,1084.34
13521,0,3,1093.65
13652,2,3,1095.08
17047,3,3,1100.9
15933,1,3,1107.46
14161,7,3,1110.52
16049,2,3,1111.79
14971,1,3,1116.57
13591,2,3,1117.13
16807,5,3,1121.59
13486,3,3,1122.41
15436,1,3,1122.53
12609,3,3,1126.85
13772,1,3,1132.13
17500,1,3,1138
15088,1,3,1140.27
13819,10,3,1140.35
13330,3,3,1140.93
12546,2,3,1141.5
14737,0,3,1164.55
14857,2,3,1165.65
16653,1,3,1166.92
15306,2,3,1174.35
12640,1,3,1174.58
16950,2,3,1178.56
17058,3,3,1179.89
15630,2,3,1180.4
13211,1,3,1197.42
17320,4,3,1200.62
12985,0,3,1215.62
12412,3,3,1226.88
17584,0,3,1227.3
13931,3,3,1230.93
15376,2,3,1233.36
17588,4,3,1240.2
16101,1,3,1245.96
13029,1,3,1247.5
14383,1,3,1247.69
13848,3,3,1255
15497,1,3,1259.7
15009,1,3,1261.78
17158,1,3,1266.97
13492,5,3,1269.84
14669,8,3,1269.99
12372,3,3,1298.04
12488,1,3,1298.66
14856,1,3,1311.38
16040,2,3,1313.55
15146,6,3,1313.66
14973,4,3,1314.45
16464,1,3,1314.68
12526,0,3,1316.66
17932,1,3,1331.57
15680,1,3,1333.68
16110,2,3,1337.48
12620,1,3,1339.41
15398,1,3,1339.63
16317,4,3,1341.65
12886,2,3,1351.09
16079,1,3,1352
13516,1,3,1389.41
13414,5,3,1390.5
15051,1,3,1391.61
18202,7,3,1396.99
17083,4,3,1405.78
16012,1,3,1415.29
13461,1,3,1445
14246,4,3,1474.06
17590,0,3,1479.22
15427,1,3,1483.14
16762,1,3,1501.38
13764,3,3,1521.76
14567,1,3,1524.46
12759,2,3,1531.44
12865,1,3,1548.07
13659,7,3,1550.85
16369,1,3,1553.66
13814,2,3,1562.12
15111,1,3,1567.48
16889,7,3,1578.67
15791,2,3,1604.44
13425,4,3,1624.21
14759,0,3,1625.97
13763,2,3,1689.46
16671,1,3,1692.27
17282,4,3,1703.41
15067,3,3,1744.76
14387,1,3,1770.56
18235,3,3,1796.48
13562,3,3,1799.33
18287,2,3,1837.28
16102,2,3,1842.14
17015,1,3,1842.56
12950,0,3,1843
13421,2,3,1848.98
14934,3,3,1888.84
14250,0,3,1904.05
14418,0,3,1937.25
14306,2,3,2083.42
14461,5,3,2103.06
14828,7,3,2139.76
13224,2,3,2150.85
13365,0,3,2191.22
14700,1,3,2235.3
17768,0,3,2273.18
18259,1,3,2338.6
14930,4,3,2372.86
15980,3,3,2398.86
15245,5,3,2515.84
13344,2,3,2543.72
15485,1,3,2575
12625,7,3,2614.32
13851,3,3,2651.46
12360,2,3,2662.06
14125,1,3,2740.43
12356,1,3,2811.43
13174,1,3,2817.03
17444,5,3,2940.04
16940,2,3,3049.88
16041,1,3,3166.4
13952,7,3,3246.091
12406,1,3,3280.75
13373,2,3,3312.25
13334,3,3,3536.82
16253,1,3,3665.62
13124,3,3,3866.33
16532,1,3,6748.8
12798,1,3,6977.04
12590,6,3,9861.38
16000,0,3,12393.7
15940,10,2,31.8
13832,1,2,40.95
14682,6,2,52
14865,0,2,52.2
14760,10,2,53.8
13106,4,2,59.5
12665,11,2,61.75
15729,7,2,62
13684,10,2,64.23
17747,4,2,64.65
15863,1,2,68.84
16581,5,2,70.44
14785,1,2,77.4
14109,1,2,80.2
16424,6,2,82.56
18084,1,2,87.53
15212,8,2,88.95
16506,1,2,90.3
17991,8,2,93.35
13283,2,2,93.66
13651,1,2,94.2
16073,10,2,94.35
18277,2,2,97.63
15422,11,2,97.7
17746,8,2,98.8
13235,7,2,101.17
12929,4,2,105.1
13133,9,2,109.8
16792,9,2,110.38
13519,2,2,110.8
15221,12,2,114.1
17852,1,2,114.34
15836,2,2,117.47
17446,6,2,120.9
16611,6,2,120.99
15512,5,2,121
18018,4,2,122.14
14495,2,2,123.8
17578,6,2,124.74
16414,1,2,126.25
13279,2,2,126.3
15135,8,2,127.15
16828,3,2,128.5
14483,5,2,129.2
12565,9,2,131.17
17468,1,2,137
12512,2,2,138.03
18269,12,2,138.9
14073,1,2,139.54
16598,9,2,140.7
15888,3,2,141.27
13462,6,2,143.25
17186,2,2,144
16852,1,2,144.91
17935,5,2,145.79
14037,6,2,147.2
15526,1,2,148.44
17549,1,2,148.86
17946,8,2,149.58
15869,9,2,149.64
17898,3,2,152.06
17707,6,2,152.4
14295,2,2,154.7
17026,6,2,154.83
14813,12,2,155.43
18146,5,2,160.35
15852,6,2,160.71
16403,10,2,161.05
13223,7,2,163.2
14354,0,2,163.62
13470,3,2,165
14326,8,2,166.85
16405,10,2,167.25
13598,2,2,167.42
16952,4,2,167.61
17737,1,2,168.24
14860,0,2,168.62
13962,1,2,169.55
18048,7,2,172.29
15565,2,2,173.16
13826,5,2,174.65
13271,1,2,178.26
13008,11,2,178.47
17904,1,2,178.92
16620,0,2,178.96
15139,8,2,178.96
18147,2,2,179.34
12586,1,2,179.94
16835,4,2,180.85
14087,0,2,181.67
17772,1,2,182.77
15746,5,2,182.96
13460,1,2,183.44
15124,1,2,184.19
17010,1,2,185.46
14551,1,2,186.23
16124,11,2,187.15
18013,5,2,187.29
17781,5,2,188.02
14697,7,2,188.61
13972,3,2,190.25
12522,2,2,192.72
17608,1,2,193.42
15198,3,2,193.64
15612,1,2,195.15
13792,2,2,195.55
13284,11,2,196.15
13978,1,2,196.79
14304,7,2,197.1
12450,5,2,197.88
13295,12,2,197.95
12995,3,2,200.72
17376,3,2,203.2
17889,7,2,203.87
16619,9,2,204.41
18110,1,2,206.05
12547,7,2,207.8
17928,2,2,212.54
16302,4,2,212.82
14984,1,2,213.27
16647,6,2,214.06
14793,0,2,214.14
16411,1,2,214.65
16519,1,2,215.08
16189,1,2,215.48
14104,5,2,216.21
17436,0,2,216.3
12897,7,2,216.5
16634,7,2,217.9
14570,9,2,218.06
13669,2,2,218.55
14960,0,2,221.27
15897,7,2,222.05
18101,1,2,223.65
14624,2,2,225.85
16777,3,2,226.35
17969,6,2,228.2
14311,8,2,229.71
13960,1,2,230.22
15393,1,2,231.86
15257,9,2,232.15
16971,0,2,232.21
14995,1,2,233.23
14473,3,2,234.34
15850,1,2,238.85
15690,0,2,239.76
17181,2,2,239.92
17256,4,2,240
13565,1,2,240.22
15154,3,2,240.27
16427,9,2,241.06
17339,3,2,243.36
17771,2,2,245.81
16778,3,2,245.94
14658,0,2,247.15
18005,0,2,249.72
16596,1,2,250.15
13207,1,2,250.26
14764,2,2,250.55
17155,1,2,251.7
16836,2,2,251.87
13711,7,2,252.06
18009,8,2,252.24
13404,0,2,252.49
15689,4,2,254.1
12604,3,2,254.18
13121,9,2,254.73
14761,2,2,255.9
14350,9,2,258.7
15014,2,2,260.17
14053,4,2,260.25
13189,1,2,260.68
17194,9,2,262.62
12492,2,2,263.21
15894,9,2,263.55
13369,12,2,263.75
14452,1,2,264.44
15912,6,2,264.62
18108,8,2,264.65
17430,1,2,265.76
17636,0,2,265.93
12962,0,2,266.39
17708,6,2,267.08
15609,6,2,270.03
17094,11,2,270.2
14520,0,2,270.6
16648,1,2,270.86
13837,7,2,271.24
13917,2,2,272.04
14819,2,2,272.07
17254,0,2,272.44
16313,0,2,274.15
12703,2,2,274.7
14512,6,2,275.28
16810,7,2,275.64
14508,1,2,276.42
13272,1,2,276.56
16883,6,2,276.73
15355,1,2,277.05
15279,12,2,277.41
14850,10,2,278.15
17786,3,2,278.74
16149,0,2,280.52
14242,8,2,280.55
16292,4,2,280.9
16557,1,2,281.85
13754,5,2,282.6
17783,3,2,283.47
14660,3,2,285.74
16555,1,2,285.89
13760,2,2,286.79
17760,1,2,287.59
16808,3,2,288.42
17501,7,2,288.6
14162,6,2,289.36
14784,1,2,289.99
17081,1,2,290.16
17691,12,2,290.4
14947,3,2,290.82
14656,6,2,291.05
13544,2,2,291.41
13745,5,2,291.54
16956,1,2,292.34
15545,2,2,292.72
17163,1,2,293.1
17531,4,2,293.45
15732,7,2,294.12
17506,3,2,294.29
14747,8,2,294.3
13573,2,2,294.4
16781,12,2,294.65
14985,7,2,296.75
18053,2,2,297.07
18220,7,2,297.78
13466,4,2,297.95
17255,2,2,298.41
13863,8,2,299.56
16402,9,2,299.6
12852,10,2,299.75
16479,1,2,300.83
15054,1,2,302.1
15308,9,2,302.27
13083,0,2,303.75
13343,6,2,303.93
15163,1,2,304.47
12785,0,2,305.71
13718,8,2,306.55
13529,3,2,307.76
14206,8,2,308.26
16227,7,2,308.32
13787,3,2,309.04
17604,7,2,309.36
15661,11,2,309.8
17854,6,2,311.26
17362,8,2,312.23
16739,6,2,312.55
17172,3,2,313.26
15880,12,2,313.28
14902,1,2,314.11
17237,1,2,314.69
16091,5,2,315.06
15597,1,2,315.72
14479,9,2,316.25
16386,1,2,317.2
17267,4,2,317.62
15363,8,2,318.05
17229,3,2,318.76
16674,2,2,319.61
13091,1,2,319.82
13955,5,2,322.96
14555,2,2,324.14
18261,2,2,324.24
16685,2,2,324.24
17866,5,2,325.7
12844,1,2,325.96
14987,1,2,326.4
16322,0,2,326.75
14024,4,2,327.7
16855,1,2,328.4
14716,2,2,329.68
14517,1,2,330.45
15714,1,2,330.88
13904,1,2,332.64
13727,1,2,333.48
15918,6,2,334.23
17221,0,2,335.13
18078,7,2,336.13
17384,1,2,336.4
13930,2,2,337.34
14491,6,2,340.93
18250,10,2,342.92
12875,5,2,343.23
15120,4,2,343.82
13068,1,2,344
16858,12,2,345.89
13649,9,2,346.6
12566,3,2,346.7
17668,0,2,347.75
14379,2,2,348.1
15579,2,2,348.6
17795,6,2,350.39
14333,2,2,351.45
18112,1,2,352.69
13173,0,2,353.65
17252,4,2,353.86
17742,4,2,355.11
12544,1,2,355.7
13453,6,2,356.98
18040,1,2,357.2
15664,2,2,358.63
13780,0,2,360.01
15872,1,2,360.93
14950,0,2,361.25
13936,6,2,361.28
14427,2,2,363.34
15922,12,2,363.6
12915,5,2,363.65
17330,1,2,363.9
16909,2,2,364.14
15949,1,2,364.72
13300,6,2,365.29
17432,1,2,365.76
17358,10,2,365.85
15345,1,2,367.69
16372,1,2,367.93
16343,1,2,370.48
12981,1,2,372.22
13569,1,2,373.75
14067,2,2,374.7
14048,9,2,375.13
14448,1,2,375.35
17489,2,2,376.64
12982,8,2,377.2
13345,9,2,377.6
17078,1,2,378.2
17438,8,2,378.3
14619,8,2,379.51
13589,1,2,379.65
13656,6,2,379.65
16552,8,2,379.73
14594,0,2,379.83
17239,11,2,379.95
17031,1,2,380.35
12871,3,2,380.64
16441,2,2,381.2
17999,1,2,382.06
13657,1,2,382.14
13817,1,2,382.98
12832,1,2,383.03
15424,9,2,383.34
17189,4,2,384.4
17250,0,2,384.52
17711,1,2,385.1
13821,5,2,385.64
14420,3,2,385.87
14114,9,2,386.53
17357,1,2,388.14
14538,2,2,388.25
13899,1,2,388.52
17595,1,2,388.79
15847,1,2,389.27
13352,0,2,389.28
16250,9,2,389.44
15342,4,2,391.76
18164,1,2,394.7
16354,2,2,395.8
15883,0,2,396.48
13673,1,2,396.92
17926,5,2,397.29
14431,10,2,397.76
12508,1,2,398.27
15522,1,2,398.84
18154,0,2,399.19
13615,11,2,399.99
12386,11,2,401.9
15184,1,2,406.76
17931,5,2,408.36
16399,1,2,408.57
16018,2,2,408.9
16243,1,2,409.1
12403,2,2,409.7
15695,9,2,409.98
15186,1,2,411.41
14670,9,2,411.53
17913,2,2,411.6
12802,6,2,412.58
14288,7,2,413.85
13166,9,2,414.7
16957,8,2,416.64
15935,8,2,416.86
18001,1,2,417.23
16629,3,2,417.73
15967,1,2,418.83
17232,0,2,421.52
18034,1,2,422.88
15012,2,2,423.04
16119,0,2,423.36
17134,4,2,425
16780,4,2,425.19
17223,10,2,426.79
15230,8,2,429.6
16884,1,2,429.84
14998,6,2,429.87
15976,6,2,430.94
13359,2,2,431.26
12592,3,2,437.6
12552,1,2,437.82
14272,3,2,437.96
16968,0,2,439.43
15889,5,2,446.87
14780,2,2,447.68
18176,12,2,448.65
18071,9,2,453
14497,10,2,457.47
15121,2,2,457.72
15092,7,2,457.81
17392,10,2,457.91
16805,6,2,460.59
16824,1,2,460.64
14470,1,2,461.19
14331,4,2,462.66
17418,2,2,463.46
15109,8,2,463.75
13248,4,2,465.68
13579,1,2,467.04
14029,2,2,467.66
14335,1,2,468.26
14896,7,2,468.77
15963,1,2,470.76
13043,9,2,471.57
17964,1,2,471.7
16374,2,2,473.03
15349,5,2,473.81
15091,2,2,476.96
16693,2,2,482.01
16603,3,2,482.47
17555,1,2,483.26
13531,7,2,483.8
12809,6,2,484.36
16999,1,2,484.82
13116,4,2,485.19
17453,1,2,486.72
13675,5,2,486.82
14396,2,2,487.99
14416,1,2,490.22
14236,3,2,490.86
12763,5,2,494.08
16352,1,2,494.44
16602,1,2,494.73
17374,7,2,495.77
17053,4,2,496.38
16368,0,2,497.43
17495,0,2,497.56
17298,4,2,498.42
16616,1,2,500.42
17630,6,2,503.6
12991,1,2,503.76
12863,2,2,504.2
17480,3,2,506.51
13885,6,2,506.8
17391,6,2,508.8
12904,1,2,509.58
16561,0,2,511.12
15655,8,2,511.32
14851,1,2,511.35
12582,8,2,511.36
15246,8,2,514.15
18205,1,2,517.36
15030,3,2,518.28
12571,2,2,519.61
17329,1,2,523.11
17290,0,2,525.24
18252,2,2,526.67
16185,1,2,529.41
14002,5,2,529.73
14265,4,2,530.18
13434,3,2,534.24
14539,1,2,537.48
14474,2,2,537.71
14496,10,2,538.81
16536,4,2,539.02
17447,2,2,541.53
16230,6,2,542.03
16211,3,2,542.77
12793,11,2,545.48
12743,5,2,546.43
17637,1,2,547.06
16811,0,2,547.07
15830,1,2,547.7
16031,3,2,548.94
17235,1,2,550.06
17674,3,2,551.04
12363,4,2,552
15068,2,2,553.36
14891,5,2,554.38
17503,0,2,558.96
14400,5,2,559.7
17265,5,2,562.9
13321,3,2,567.36
16667,2,2,570.13
15821,2,2,570.96
12816,3,2,572.2
12784,1,2,574.42
16916,1,2,576.26
13292,1,2,578.94
18095,11,2,580.05
15762,2,2,583.75
13557,1,2,584.06
14023,0,2,584.07
16384,3,2,584.5
12513,3,2,586.79
16723,3,2,589.15
18123,1,2,589.44
14882,1,2,589.7
13452,9,2,590
13276,2,2,590.93
16116,7,2,592.88
16763,6,2,594.9
18246,1,2,596.1
15381,7,2,596.85
14645,5,2,597.09
16788,4,2,597.48
13311,0,2,598.57
14965,3,2,599
12872,11,2,599.97
17890,11,2,602.09
15366,3,2,602.51
15322,2,2,602.97
17259,5,2,603.37
12556,2,2,603.71
12944,1,2,604.51
17664,1,2,604.64
13233,3,2,605.12
17507,9,2,605.58
13888,4,2,605.63
15573,1,2,607.45
15147,7,2,608.65
13933,4,2,608.79
15275,1,2,609.19
14636,1,2,609.85
12673,0,2,610.52
13731,7,2,610.59
16109,7,2,611.88
15232,4,2,612.06
16311,1,2,616.26
14377,6,2,617.05
12596,2,2,618.27
13493,9,2,618.63
13402,4,2,621.23
18217,1,2,621.75
15182,5,2,622.85
15258,6,2,623.16
13368,9,2,623.4
15402,5,2,626.77
13525,1,2,628.78
13046,1,2,629.31
15244,2,2,631.57
13822,0,2,632
14301,4,2,632.04
14220,8,2,632.4
14000,7,2,633.71
15829,3,2,636.14
14481,6,2,636.51
14128,2,2,637.5
14664,1,2,637.89
14754,2,2,638.05
18160,2,2,638.06
15919,1,2,639.89
13417,0,2,640.83
12624,4,2,641.13
13034,2,2,642.77
14020,1,2,642.8
12612,2,2,643.59
14855,4,2,645.65
12589,1,2,646.68
14548,5,2,652.8
18151,5,2,653.35
14651,2,2,654.6
13049,2,2,656.68
17459,2,2,657.3
14150,1,2,658.64
13759,1,2,659.41
15492,1,2,659.46
14451,2,2,662.59
16208,2,2,664.26
17105,5,2,665.78
16268,3,2,667.65
16383,3,2,668.36
14628,3,2,671.96
18121,5,2,673.1
17749,6,2,674.52
15626,3,2,675.8
13040,0,2,676.99
14788,0,2,679.44
13548,3,2,682.41
12838,1,2,683.13
13799,4,2,688.86
18196,3,2,689.13
13023,2,2,689.9
18085,11,2,689.95
17733,1,2,692.19
13601,2,2,693.32
12925,0,2,694.05
17397,1,2,696.41
13596,0,2,697.04
15800,4,2,699.08
17321,0,2,700.86
15103,1,2,703.36
17934,2,2,704.25
16364,1,2,707.04
17642,4,2,712.29
13416,2,2,712.5
13169,2,2,712.88
15757,2,2,714.42
15330,1,2,714.96
18133,7,2,715.5
17029,4,2,716
12535,3,2,716.35
15274,0,2,716.57
14179,2,2,719.78
13370,12,2,721.32
15272,2,2,721.94
15636,3,2,724.76
17666,0,2,728.16
14778,4,2,730.86
16256,9,2,732.63
18156,1,2,734.94
15252,1,2,740.78
14050,1,2,746.36
13730,5,2,752.6
16036,3,2,758.92
17425,1,2,759.17
15066,1,2,760.59
15599,1,2,761.74
17466,1,2,763.28
17695,5,2,765.34
14672,8,2,765.55
14550,1,2,765.62
17409,6,2,771.85
13375,3,2,772.9
16825,1,2,775.18
15353,9,2,777.02
13563,3,2,777.53
17414,2,2,778
14815,1,2,778.5
12735,11,2,779.57
17387,1,2,784.11
15990,2,2,792.11
12701,3,2,797.71
13030,1,2,799.48
18265,3,2,801.51
16367,1,2,804.49
13707,9,2,806.41
16624,3,2,810.57
14421,2,2,813.11
18064,5,2,814
15649,11,2,816
16108,3,2,816.1
17764,2,2,818.82
16284,1,2,823.97
12461,3,2,826.88
16644,6,2,833.78
14862,1,2,841.2
17624,1,2,843.48
13221,8,2,847.41
16070,1,2,852.15
14193,2,2,853.39
12794,2,2,860.41
17649,5,2,861.74
16567,7,2,865.6
16121,2,2,867.11
12694,3,2,869.67
13294,6,2,873.74
13566,2,2,874.71
14770,8,2,876.42
15653,3,2,877.44
14597,1,2,883.15
17704,6,2,885.19
15822,0,2,885.47
16347,1,2,887.65
14240,1,2,890.34
15211,2,2,894.41
18194,2,2,896
17537,1,2,897.62
17566,0,2,901.21
13192,3,2,911.94
15364,3,2,913.19
12652,11,2,914.53
17018,2,2,920.1
13122,3,2,922.39
15654,1,2,922.53
13805,2,2,924.6
13655,4,2,932.97
13261,9,2,944.1
12458,3,2,947.4
16934,2,2,950.93
15948,0,2,955.24
13823,1,2,957.66
17100,1,2,971.74
14920,7,2,977.77
15071,3,2,982.07
14138,0,2,982.38
12510,5,2,982.57
17144,0,2,984.57
13363,1,2,992.5
17594,3,2,993.18
18143,4,2,1000.16
12545,3,2,1000.39
16229,3,2,1010.6
12739,3,2,1013.04
13165,2,2,1021.48
14346,4,2,1021.58
14904,0,2,1025.44
13253,5,2,1030.4
15171,11,2,1034.5
16320,6,2,1038.46
17727,1,2,1042.55
14488,2,2,1047.43
12849,1,2,1050.89
12716,0,2,1053.49
15977,1,2,1054.73
13853,0,2,1056.94
12815,5,2,1063.46
17277,8,2,1065.35
13761,2,2,1070.65
16980,9,2,1078.96
13726,1,2,1079.66
16200,0,2,1080.62
13467,1,2,1083.71
12857,7,2,1106.4
14817,7,2,1110.34
17788,3,2,1117.9
12842,3,2,1118.99
17242,4,2,1135.04
16766,9,2,1145.6
17505,5,2,1145.84
13744,3,2,1156.36
14261,2,2,1163.45
12358,0,2,1168.06
13918,2,2,1212.84
18080,1,2,1231.5
14893,1,2,1237.85
12689,1,2,1247.61
13151,7,2,1250.37
17037,3,2,1253.22
14105,3,2,1260.33
13989,2,2,1266.08
13431,2,2,1269.1
12630,1,2,1270.88
12394,2,2,1272.48
16692,9,2,1276
15494,1,2,1299.23
15813,7,2,1303.91
13501,8,2,1310.47
12516,3,2,1312.06
14921,1,2,1316.07
16083,4,2,1317.62
15734,4,2,1339.45
14154,8,2,1345.62
12646,0,2,1346.97
17311,3,2,1384.85
17004,2,2,1412.94
15444,1,2,1418.26
15478,2,2,1441.42
12882,1,2,1463.04
15057,9,2,1489.5
15265,5,2,1506.12
16053,1,2,1511.95
12818,6,2,1517.88
16244,7,2,1522.75
13849,2,2,1537.95
13850,3,2,1586.81
14918,4,2,1610.15
12377,11,2,1628.12
14164,3,2,1631.77
12635,3,2,1689.18
17353,4,2,1740
12424,6,2,1760.96
16986,1,2,1873.2
12371,2,2,1887.96
12762,0,2,1898.52
17679,2,2,1992.11
16698,8,2,1998
17082,1,2,2003.85
15531,0,2,2007.44
14544,1,2,2024.45
12501,11,2,2089.68
15123,0,2,2199.31
12653,5,2,2209.85
12876,2,2,2218.02
15665,6,2,2242.01
17313,1,2,2288.13
12397,1,2,2409.9
13422,2,2,2601.55
12758,4,2,2791.59
12438,1,2,2906.85
17084,1,2,2949.75
13868,0,2,3192.54
12435,3,2,7829.89
16738,10,1,3.75
17956,8,1,12.75
13307,4,1,15
17763,9,1,15
16093,4,1,17
16953,1,1,20.8
17986,2,1,20.8
17102,9,1,25.5
15657,1,1,30
13120,8,1,30.6
17408,6,1,32.65
16765,10,1,34
15744,3,1,34.8
14576,12,1,35.4
16856,1,1,35.4
17831,1,1,35.4
16162,8,1,37.4
12855,12,1,38.1
18019,2,1,38.45
16659,6,1,39.12
12977,5,1,39.24
14589,12,1,39.75
15178,9,1,40.5
15992,0,1,41.99
14300,1,1,43.2
15423,1,1,43.5
14080,1,1,45.6
16257,6,1,46.95
15603,3,1,48.48
14821,12,1,48.8
18184,1,1,49.8
13011,12,1,50.55
14351,6,1,51
17844,4,1,51.56
15313,4,1,52
15504,3,1,52.83
16349,10,1,53.5
13366,2,1,56.16
15899,12,1,56.25
17775,9,1,56.4
13080,6,1,58.08
14957,9,1,58.49
13682,6,1,59.5
13391,7,1,59.8
17174,7,1,59.9
13194,5,1,60.7
13218,4,1,62.64
14840,9,1,62.85
17263,7,1,63.44
13302,5,1,63.75
13130,3,1,64
17382,2,1,65.4
14393,7,1,67.95
17022,1,1,71
13185,9,1,71.4
13938,1,1,71.66
13686,6,1,72
17906,8,1,72.9
16171,2,1,73.2
18032,11,1,73.5
12506,8,1,73.5
17960,6,1,73.78
13095,3,1,74.4
18050,12,1,74.4
16468,3,1,74.9
13403,1,1,75
16610,7,1,75.66
17628,3,1,75.75
17995,9,1,76.1
14090,11,1,76.32
15668,7,1,76.32
16148,10,1,76.32
18113,12,1,76.32
17536,6,1,76.5
14373,12,1,76.55
13992,1,1,76.8
13132,9,1,77.3
17942,0,1,77.5
15753,10,1,79.2
16078,9,1,79.2
13747,12,1,79.6
17752,12,1,80.64
13967,5,1,80.7
16789,0,1,80.8
18281,6,1,80.82
17620,2,1,81.44
13006,2,1,81.57
17309,3,1,82.75
12401,10,1,84.3
13841,8,1,85
15541,4,1,85.13
13296,5,1,87.4
15180,12,1,87.5
15083,9,1,88.2
12353,7,1,89
14436,3,1,89.06
12686,12,1,89.14
14219,0,1,89.94
14117,5,1,90
16597,0,1,90.04
15552,7,1,90.12
13947,2,1,90.6
14353,7,1,90.6
15488,3,1,91.32
12659,1,1,91.68
13160,1,1,91.8
13551,11,1,91.8
12789,2,1,91.85
14054,2,1,92.46
12821,7,1,92.72
18227,7,1,93.75
15428,1,1,93.78
15397,10,1,94
16387,11,1,94.36
12548,6,1,95.2
18249,1,1,95.34
14642,2,1,96.12
15216,3,1,96.6
17325,9,1,96.8
12984,1,1,97.5
18033,2,1,97.97
17895,2,1,98
17538,1,1,98.42
15256,5,1,98.45
17939,5,1,99.14
13703,11,1,99.5
14371,10,1,100.5
17427,3,1,100.8
14946,1,1,100.9
16344,5,1,101.1
13101,8,1,101.19
18086,9,1,101.34
16006,7,1,101.4
17643,12,1,101.55
18068,10,1,101.7
16516,1,1,101.7
13948,12,1,102
14981,8,1,102.12
18011,12,1,102.79
17962,5,1,102.83
14542,6,1,103.25
18255,3,1,103.3
18174,0,1,104
15958,3,1,104.35
15607,11,1,104.76
14027,2,1,104.82
15775,8,1,104.9
17791,1,1,106.1
15070,12,1,106.2
15168,1,1,106.56
16757,11,1,106.83
15395,11,1,107.45
16784,1,1,107.6
14661,1,1,107.95
12956,10,1,108.07
13226,9,1,108.21
16106,2,1,108.38
17639,9,1,108.5
14345,1,1,108.98
14699,7,1,109.13
16363,2,1,109.36
16339,10,1,109.95
17836,2,1,110.21
17901,1,1,110.38
12734,12,1,110.4
14641,1,1,110.46
16963,6,1,110.55
17349,6,1,110.75
15853,2,1,110.8
15537,6,1,110.92
13144,11,1,110.95
13508,8,1,110.97
18120,7,1,111.15
17887,4,1,111.35
17957,2,1,111.68
17274,1,1,111.98
12756,3,1,112.08
17893,8,1,112.25
14271,8,1,112.32
17038,1,1,112.4
15610,2,1,112.46
18129,8,1,112.55
13807,12,1,112.6
13161,11,1,112.75
16697,8,1,112.75
14689,7,1,112.8
15280,6,1,113.12
16913,10,1,113.44
18105,1,1,113.48
15445,9,1,113.5
17217,8,1,113.5
14457,10,1,113.64
12651,11,1,114
14582,2,1,114.11
12938,1,1,114.14
14652,3,1,114.18
17219,1,1,114.23
14974,1,1,114.39
14632,9,1,114.56
16247,6,1,114.56
13188,1,1,114.6
14972,4,1,114.77
18027,3,1,115.31
13067,3,1,115.46
15350,12,1,115.65
14143,5,1,115.8
17601,8,1,116.01
13170,1,1,116.01
17117,10,1,116.2
13877,3,1,117.24
16959,3,1,117.35
17654,9,1,117.55
13193,2,1,117.88
13581,10,1,118
14155,9,1,118.75
17079,3,1,118.8
15843,10,1,118.95
16666,1,1,118.98
15266,11,1,119.3
16542,2,1,119.62
14453,6,1,119.93
14259,5,1,120
14314,4,1,120
18015,0,1,120.03
13002,11,1,120.95
15049,9,1,121.17
13182,2,1,121.18
13244,3,1,121.74
14076,4,1,122.47
14165,9,1,122.54
13638,1,1,122.64
13876,2,1,122.7
14413,12,1,122.7
17967,12,1,123.07
15917,8,1,123.1
16658,12,1,123.24
16569,0,1,124.2
16849,6,1,124.57
17148,2,1,124.88
12531,1,1,125.22
15017,1,1,125.58
14890,9,1,125.65
14861,2,1,125.79
13522,1,1,125.8
12814,4,1,125.92
16988,0,1,126.12
15463,1,1,126.14
14962,9,1,126.7
15923,12,1,127.08
15578,6,1,127.1
13781,8,1,127.84
15543,10,1,127.86
17359,1,1,127.86
16623,8,1,129.45
16679,12,1,129.75
15844,2,1,130.74
14795,6,1,131.45
17455,7,1,131.7
17297,1,1,131.78
14438,10,1,131.9
17785,2,1,131.94
17647,2,1,133.06
15709,9,1,133.25
17881,10,1,133.35
12445,1,1,133.4
14349,1,1,133.5
14280,7,1,134.04
12837,6,1,134.1
14174,1,1,134.46
15562,12,1,134.55
14340,7,1,134.7
16055,7,1,134.8
12851,3,1,135.18
15276,2,1,135.31
16665,12,1,135.4
15174,11,1,135.75
16114,6,1,135.75
15419,1,1,135.86
14889,11,1,135.9
15042,7,1,135.93
12968,4,1,135.95
17972,8,1,136.04
14247,9,1,136.77
15691,8,1,136.8
17709,6,1,137.45
16050,6,1,137.9
15663,4,1,138.14
13716,9,1,138.28
17122,4,1,138.32
14581,1,1,138.6
12902,9,1,138.68
13273,4,1,138.98
18209,1,1,139.1
14772,4,1,139.26
17718,8,1,139.35
16483,7,1,139.35
14494,1,1,139.56
13483,2,1,140.34
15388,9,1,140.54
14041,9,1,141.41
13561,7,1,141.86
14386,10,1,142.4
13584,10,1,142.4
13299,9,1,142.5
16287,6,1,142.5
15705,7,1,143.1
12587,0,1,144
12974,7,1,144.8
17524,12,1,145
15937,2,1,145.35
13866,3,1,145.67
16893,12,1,145.93
14238,11,1,146.85
17030,2,1,146.87
15503,12,1,147.09
12864,5,1,147.12
14098,1,1,147.35
14968,1,1,147.59
17859,10,1,148.21
15435,1,1,149.29
15748,2,1,149.31
18262,5,1,149.48
17234,6,1,149.89
15717,8,1,150.3
16337,1,1,151.05
13697,1,1,151.3
16461,6,1,151.42
14208,3,1,151.74
16412,2,1,151.83
16617,8,1,151.85
14039,1,1,152.2
13514,3,1,152.2
14066,9,1,152.55
18138,10,1,152.65
17984,5,1,152.68
16248,2,1,152.94
17714,11,1,153
12602,2,1,153.12
16351,11,1,153.9
17286,1,1,153.92
17517,10,1,153.94
15226,10,1,154.41
15740,2,1,154.88
17698,9,1,154.95
14046,10,1,154.99
14368,11,1,155
13809,10,1,155.05
15447,11,1,155.17
16720,1,1,155.24
12738,12,1,155.35
17832,2,1,155.37
17899,5,1,155.8
17871,7,1,155.9
13898,11,1,155.93
15263,4,1,156.51
15438,5,1,156.58
14406,4,1,156.75
15007,5,1,156.91
17118,11,1,157.02
14585,2,1,157.05
17128,11,1,157.09
14148,8,1,157.2
14799,2,1,157.7
17556,7,1,157.9
15988,1,1,158.03
15348,3,1,158.04
15160,12,1,158.16
17165,10,1,158.68
13937,6,1,158.85
18224,9,1,158.95
16213,3,1,159
12966,1,1,160.18
14714,1,1,160.19
18203,5,1,160.42
12573,8,1,160.54
17344,2,1,160.57
13229,8,1,160.95
14089,2,1,161
14237,12,1,161
14204,0,1,161.03
14362,1,1,161.2
16113,6,1,161.38
15458,1,1,161.64
17600,1,1,161.67
16932,2,1,161.94
15325,4,1,162.29
15733,9,1,162.3
16517,9,1,162.7
15167,11,1,163
16406,1,1,163.07
17110,6,1,163.3
18200,4,1,163.8
12920,1,1,164.23
13603,1,1,164.34
17535,9,1,164.4
15904,0,1,164.68
15316,11,1,165
18042,2,1,165.05
14552,5,1,165.07
14485,1,1,165.75
12817,9,1,166.04
17650,1,1,166.08
18014,1,1,166.42
17561,1,1,167.62
18088,2,1,167.67
12551,12,1,168
15374,4,1,168
15986,1,1,168.12
16282,11,1,168.3
18099,4,1,168.31
17367,8,1,168.4
14578,0,1,168.63
12367,0,1,168.9
18004,12,1,169.47
14218,2,1,169.48
16921,2,1,169.79
15016,6,1,170.04
18058,1,1,170.16
17542,9,1,170.75
15432,1,1,171.19
17245,7,1,171.45
16773,2,1,171.59
14536,9,1,171.8
12442,0,1,172.06
13922,12,1,172.25
13690,2,1,172.25
14693,9,1,172.9
15670,10,1,173.05
12441,12,1,173.55
16565,12,1,173.7
18278,3,1,173.9
15335,2,1,173.97
14518,2,1,174.37
13560,0,1,174.37
14355,12,1,174.4
18010,9,1,174.8
16144,8,1,175.2
17331,4,1,175.2
17582,8,1,175.27
12509,10,1,176.5
17947,1,1,176.68
12923,2,1,176.97
13072,9,1,177.15
12618,1,1,177.31
13618,6,1,177.34
17356,10,1,178.22
17253,1,1,178.26
17879,6,1,178.52
13778,4,1,178.7
15262,11,1,178.95
14705,7,1,179
16990,7,1,179
15454,12,1,179.1
15895,5,1,179.17
12622,8,1,180.1
15041,6,1,180.35
13710,1,1,180.48
18280,9,1,180.6
15292,7,1,180.94
15945,12,1,181
16594,3,1,181.09
15886,2,1,181.09
18119,12,1,181.12
14082,12,1,182.25
13059,8,1,183.4
14059,9,1,183.6
16680,2,1,183.7
16433,1,1,184.26
17680,1,1,184.4
13482,8,1,184.64
16097,8,1,185.05
14199,7,1,185.4
17574,8,1,185.65
12641,4,1,185.9
15567,1,1,186.01
17279,2,1,187.83
14722,5,1,187.92
12893,1,1,188.14
16448,7,1,188.89
18045,2,1,189.4
13663,6,1,189.47
12361,10,1,189.9
17885,1,1,190.19
15412,6,1,190.53
13033,12,1,190.55
17233,1,1,190.88
15692,1,1,191.04
14966,1,1,191.32
15909,6,1,191.94
12791,12,1,192.6
13568,6,1,192.85
14801,2,1,193.14
14806,3,1,193.39
16847,2,1,193.44
17343,12,1,193.64
15683,4,1,193.75
17475,3,1,194.37
16887,1,1,194.88
14100,5,1,194.9
14666,1,1,195.25
17660,5,1,196
13436,0,1,196.89
15234,9,1,197
14830,2,1,197.13
16829,5,1,197.22
17301,1,1,197.63
14789,1,1,197.64
14185,11,1,197.65
12581,2,1,197.71
16178,5,1,197.9
17987,6,1,198.57
17383,0,1,199.29
13322,1,1,199.48
15593,3,1,199.8
13723,7,1,199.85
14782,11,1,200.1
13980,2,1,200.14
15437,9,1,200.16
13262,9,1,200.29
13859,11,1,201.16
16965,8,1,201.19
15347,12,1,201.6
18169,2,1,202.65
14381,2,1,202.68
15723,12,1,203.1
17891,6,1,203.86
17394,7,1,203.87
17187,8,1,203.95
13017,0,1,204
17206,2,1,204.24
15319,9,1,204.5
13513,4,1,205.1
15758,1,1,205.25
15307,3,1,205.3
17843,10,1,205.48
17670,8,1,205.7
13065,12,1,205.86
14964,8,1,206.21
18126,2,1,206.83
15820,11,1,206.98
15925,7,1,207.15
13099,3,1,207.36
16752,12,1,207.5
16323,7,1,207.5
17923,9,1,207.5
18191,9,1,207.8
16457,7,1,208.36
16914,1,1,208.46
17514,4,1,208.65
15327,2,1,208.75
17855,12,1,208.97
13828,1,1,209.49
13532,1,1,210.31
16415,2,1,210.35
15703,9,1,211.5
16017,2,1,211.88
15540,1,1,213.3
16591,2,1,213.5
13411,4,1,213.55
14241,6,1,213.7
17153,1,1,213.78
13621,4,1,213.85
14601,1,1,213.96
16846,2,1,214.32
16338,5,1,214.8
12588,2,1,214.9
12831,9,1,215.05
16190,2,1,215.08
14476,9,1,215.7
15052,11,1,215.78
16179,2,1,215.83
13858,2,1,216.17
15604,2,1,216.39
15460,12,1,216.76
13503,3,1,216.85
13739,1,1,216.9
15554,9,1,217.2
12574,11,1,218.45
13428,1,1,218.47
17619,11,1,218.52
12702,1,1,219
16895,2,1,219.14
15096,2,1,219.39
13600,11,1,219.52
18114,10,1,220.1
16482,1,1,220.62
15790,1,1,220.85
13419,2,1,221.06
16392,9,1,221.19
14598,2,1,221.97
13382,9,1,222.99
15637,2,1,223.36
17534,2,1,223.36
13926,1,1,223.85
14929,1,1,223.88
16753,2,1,223.92
16471,9,1,223.95
15175,3,1,224.14
17171,10,1,224.91
16587,8,1,225.15
14052,1,1,225.36
12402,11,1,225.6
14357,2,1,225.77
12672,11,1,225.9
17789,9,1,225.9
16315,11,1,226.37
17212,9,1,226.85
14569,0,1,227.39
16527,3,1,228.06
13070,7,1,228.8
13712,8,1,228.84
13146,1,1,228.91
17347,3,1,228.96
15528,9,1,229.33
13474,8,1,229.59
12812,2,1,229.64
16926,12,1,230.25
13786,12,1,230.4
16445,1,1,230.51
15866,4,1,230.53
16641,4,1,231.1
16117,6,1,232.21
18213,8,1,232.48
13678,5,1,232.6
16583,12,1,233.45
13348,2,1,233.76
12736,11,1,234
16961,4,1,234.17
17060,9,1,234.24
13187,11,1,236.02
16026,2,1,236.09
12732,6,1,236.26
15457,9,1,237.07
17877,6,1,237.61
12718,3,1,238.25
12561,10,1,238.85
16756,7,1,239.4
17684,2,1,239.41
13570,8,1,239.49
15286,2,1,240.55
14523,4,1,241.09
15776,5,1,241.62
16215,3,1,242.35
14647,7,1,243.22
17908,12,1,243.28
15634,1,1,243.55
13886,3,1,243.56
16793,2,1,243.84
13103,2,1,243.94
17925,12,1,244.08
16528,0,1,244.41
16601,2,1,244.8
15118,5,1,244.8
12660,1,1,245.1
17278,8,1,246.04
15783,1,1,246.3
17051,7,1,247.14
13349,1,1,247.32
15097,0,1,248.08
16510,12,1,248.1
18212,11,1,248.42
17111,2,1,248.61
13061,3,1,248.61
17456,12,1,249.86
15510,11,1,250
17303,12,1,250.04
13512,9,1,251.21
16024,1,1,251.24
16976,9,1,251.52
13645,4,1,252.1
15346,11,1,252.42
15035,3,1,252.73
17860,12,1,252.8
15261,5,1,254.82
14881,1,1,255.4
15277,2,1,255.9
17896,1,1,256.32
13806,2,1,256.38
12430,2,1,256.4
13626,8,1,257.23
14375,6,1,257.68
13227,7,1,257.7
16447,5,1,259.01
13127,3,1,259.17
17125,2,1,259.35
15143,8,1,259.45
17385,1,1,261.11
16413,2,1,262.2
16936,1,1,262.68
13973,10,1,264.7
14423,7,1,265.2
14068,11,1,265.85
15019,9,1,266
15119,8,1,266.4
14863,1,1,266.76
16451,3,1,266.97
15517,8,1,267.03
15320,2,1,267.13
15408,9,1,267.18
14727,9,1,268.58
15774,2,1,270.8
17011,1,1,270.9
17496,12,1,271.05
17767,1,1,271.2
14816,7,1,271.85
17498,3,1,272.22
16727,12,1,272.82
12750,4,1,275.88
13803,9,1,277.07
17968,12,1,277.35
14908,3,1,277.8
14480,1,1,279.05
15556,1,1,279.77
14975,2,1,279.94
16848,2,1,281.42
17403,1,1,281.62
17247,1,1,282.19
13177,2,1,282.45
17694,5,1,283.12
17251,12,1,283.28
13439,9,1,283.71
16429,4,1,284.55
16432,2,1,287.4
17977,1,1,288.14
15396,4,1,288.18
14549,10,1,289.24
16125,12,1,289.35
14953,1,1,289.82
17464,5,1,289.96
16526,6,1,290.36
13449,1,1,291.88
13259,2,1,292.32
16721,9,1,292.47
13504,2,1,295.93
13751,10,1,296.25
13441,3,1,296.64
13708,9,1,296.88
15857,1,1,297
12881,9,1,298
17678,9,1,298.11
17824,2,1,298.4
17124,6,1,298.89
18215,3,1,299.34
15254,4,1,300.36
13304,12,1,300.42
14762,9,1,300.52
16430,2,1,300.85
17978,12,1,300.92
15623,5,1,301.03
15148,1,1,301.29
15667,2,1,301.32
16715,3,1,301.72
16104,2,1,302.36
18165,6,1,302.46
14248,11,1,302.58
16425,10,1,302.7
17433,3,1,303.16
16400,3,1,303.93
17732,12,1,303.97
18185,8,1,304.25
17941,4,1,304.56
13667,5,1,305.02
12623,9,1,305.1
13045,3,1,305.28
16181,3,1,305.54
16796,3,1,305.62
15219,6,1,305.75
17176,7,1,306.13
15659,2,1,306.45
17551,12,1,306.84
15087,9,1,306.94
13142,1,1,307.09
13932,10,1,307.4
17120,8,1,307.46
13060,9,1,307.53
13395,6,1,307.72
16123,2,1,307.78
17510,1,1,308.48
13699,5,1,308.58
15010,1,1,308.94
12884,3,1,309.05
14847,5,1,309.4
15699,1,1,309.65
14924,8,1,310.05
15185,3,1,310.62
13897,2,1,311.16
13990,7,1,311.3
14327,6,1,311.65
14951,3,1,311.69
15326,11,1,311.71
14142,12,1,311.81
16450,5,1,311.92
17070,4,1,312.14
12834,9,1,312.38
15318,0,1,312.62
13845,2,1,312.98
14729,12,1,313.49
16582,4,1,313.62
13484,8,1,313.8
15970,10,1,314.1
12650,0,1,314.44
16193,8,1,314.45
15766,2,1,315.06
12614,9,1,315.6
13494,10,1,316.26
17458,1,1,316.5
15204,12,1,316.58
16761,3,1,316.62
15243,3,1,316.68
15385,2,1,316.88
18066,3,1,318
12648,5,1,318.05
14703,1,1,318.17
17248,4,1,318.65
16967,6,1,319.02
13986,1,1,320.46
14622,6,1,320.58
16096,9,1,320.62
18117,1,1,320.72
15236,10,1,321.05
14484,2,1,321.92
14424,1,1,322.08
16627,3,1,322.8
17793,1,1,323.04
13801,2,1,324.8
12790,7,1,324.92
15944,9,1,325.1
16830,1,1,325.91
16071,2,1,326.24
17715,7,1,326.4
14870,9,1,327.25
16366,1,1,327.3
15314,7,1,327.97
16318,1,1,328.15
14012,9,1,328.8
15153,1,1,329.25
17154,3,1,329.34
13239,9,1,329.56
12953,1,1,329.85
15130,6,1,330.11
13706,10,1,330.79
17862,11,1,330.9
15210,8,1,331.18
16030,10,1,331.24
16177,2,1,331.95
16803,2,1,332.3
16850,11,1,332.41
16625,9,1,333.08
13216,9,1,333.74
12350,10,1,334.4
15466,3,1,334.53
14988,7,1,334.54
12489,11,1,334.93
16063,9,1,335.32
14196,4,1,335.52
15921,6,1,336.03
14954,1,1,336.17
15619,1,1,336.4
17914,0,1,336.43
16105,8,1,336.96
17973,2,1,337.04
15942,5,1,337.44
15652,3,1,337.74
16183,2,1,338.71
17839,2,1,338.8
17697,8,1,338.95
16545,6,1,339.3
13737,7,1,339.6
15115,1,1,340.11
12519,2,1,340.84
13347,3,1,341.36
16826,2,1,341.7
17201,2,1,342.63
15520,0,1,343.5
15047,9,1,343.62
17569,11,1,344.14
16978,3,1,344.33
14633,9,1,344.9
13774,3,1,345
17123,5,1,345.3
16423,1,1,346.12
13062,6,1,346.98
13052,7,1,348.15
16159,9,1,348.2
13790,0,1,348.8
13927,3,1,348.99
15405,6,1,349.1
13887,7,1,349.55
13670,3,1,349.7
12532,1,1,349.83
13108,12,1,350.06
13740,8,1,350.75
13332,1,1,350.9
15900,1,1,351.11
13923,2,1,351.13
15789,12,1,351.3
15678,2,1,352.7
17976,12,1,353.19
14804,0,1,353.27
13210,3,1,353.48
12715,4,1,353.86
15870,1,1,354.09
17222,2,1,354.15
13642,7,1,354.8
12617,1,1,355.53
14537,2,1,355.56
15247,4,1,356
16274,12,1,357.95
13976,7,1,357.98
13228,3,1,358
16823,8,1,358.38
17948,5,1,358.56
13298,0,1,360
16595,2,1,360.16
13291,5,1,361.11
16305,5,1,361.22
13844,1,1,361.62
16052,2,1,362.06
14932,12,1,363.53
16485,3,1,363.65
18056,10,1,363.65
16509,10,1,363.7
14171,3,1,363.79
12538,1,1,363.95
14528,1,1,364.22
15343,3,1,364.5
12373,10,1,364.6
14886,8,1,364.8
16202,12,1,365.27
17911,1,1,366.23
14888,7,1,369.2
16758,2,1,369.34
15063,7,1,370.8
15975,3,1,371.01
15472,4,1,371.56
16065,12,1,372.09
16903,1,1,373.24
13351,2,1,373.94
12873,9,1,374
17492,8,1,374.57
16147,5,1,375
14079,4,1,375.1
15025,1,1,377.01
13372,3,1,378.64
17878,2,1,379.45
16769,9,1,380.39
12890,1,1,380.47
17138,9,1,380.5
15090,10,1,381.32
18181,1,1,382.8
12515,12,1,383.7
12733,8,1,383.95
16982,2,1,384.06
17205,2,1,384.08
13833,5,1,384.8
17508,9,1,387.31
16776,2,1,388.28
15592,2,1,388.58
12690,7,1,389.01
14752,2,1,389.64
17936,0,1,389.84
17614,2,1,390.07
16917,9,1,391.52
15837,2,1,391.98
14600,10,1,393.33
17226,10,1,393.49
15264,2,1,393.74
15386,6,1,394.14
16207,1,1,394.38
18067,2,1,396.33
17486,9,1,396.87
13594,2,1,396.97
12824,2,1,397.12
12792,9,1,400.54
16198,3,1,400.681
15158,2,1,401.4
17431,11,1,403.3
16319,7,1,404.4
17379,1,1,404.66
12922,5,1,405.38
16204,1,1,405.71
16947,8,1,406.48
15127,2,1,406.53
15269,1,1,408.8
15225,8,1,409.4
14348,9,1,409.57
15099,3,1,410.48
16272,4,1,411.7
15523,3,1,412.01
16834,8,1,413.46
13974,2,1,413.59
17052,1,1,413.75
16795,12,1,414.88
15725,1,1,415.25
12580,8,1,415.7
14139,2,1,415.82
15803,2,1,415.82
13889,3,1,416.9
12833,5,1,417.38
16737,2,1,417.6
17701,8,1,417.95
15361,12,1,418.92
14124,3,1,419.58
14757,3,1,420.5
18240,2,1,422.58
17525,12,1,422.7
15639,5,1,425.32
15930,2,1,426.63
15994,2,1,427.07
12740,2,1,427.6
12725,12,1,427.8
15360,2,1,427.93
13602,2,1,428.89
15957,1,1,428.89
15450,1,1,429.84
12795,1,1,430.48
13245,2,1,430.5
18106,11,1,430.7
16881,2,1,432
16236,3,1,432.2
15551,1,1,436.06
16084,10,1,436.18
15553,2,1,437.23
13358,9,1,439.03
16025,1,1,439.66
14022,8,1,440
15524,1,1,440
18233,11,1,440
14093,1,1,442.85
18222,3,1,443
16404,3,1,443.05
14638,2,1,443.6
18006,1,1,444.68
15368,1,1,446.94
15739,2,1,449.12
12448,2,1,449.45
17040,5,1,449.73
16574,3,1,451.44
12591,11,1,452.85
14184,2,1,452.89
12729,4,1,453.01
15475,3,1,454.11
13485,8,1,454.24
16529,6,1,455.25
15585,6,1,455.3
12564,9,1,456.9
13398,7,1,457.34
17880,12,1,458.92
12355,7,1,459.4
12491,1,1,460.4
12391,1,1,460.89
12945,10,1,462.95
14489,7,1,463.38
14967,2,1,463.8
16586,8,1,463.95
17140,8,1,465.32
15471,0,1,469.48
15557,1,1,473.65
12447,8,1,476.49
12644,4,1,477.91
16812,12,1,479.35
18216,1,1,481.75
14130,11,1,483.86
16504,1,1,484.38
12639,8,1,486.1
13153,0,1,486.22
16643,8,1,487.51
15165,12,1,487.75
18074,12,1,489.6
15000,2,1,490.52
13732,1,1,491.86
15507,6,1,492.36
14270,11,1,492.65
13176,2,1,492.84
17333,3,1,494.25
15448,11,1,494.64
15300,2,1,496.44
16820,3,1,497.61
15142,2,1,498.74
15193,2,1,499.32
15389,6,1,500
15006,2,1,502.09
14014,3,1,505.18
16614,6,1,506.19
15721,1,1,507.08
14158,2,1,507.66
17415,3,1,507.84
17958,4,1,508.46
14317,2,1,508.58
15417,3,1,508.8
12436,3,1,509.01
17805,3,1,512.31
17513,3,1,513.2
16135,9,1,517.55
16650,3,1,518.42
14873,7,1,519.68
15149,5,1,520.8
17712,2,1,522.91
13721,1,1,524.14
15891,8,1,524.52
17623,1,1,527.05
18159,10,1,530.15
15825,6,1,532.94
17443,7,1,534.24
13385,11,1,534.57
12988,10,1,535.32
16142,8,1,535.34
15043,1,1,537
15539,0,1,538.46
13874,12,1,540.45
13278,2,1,542.73
13390,3,1,544.08
17806,1,1,546.04
17520,2,1,546.81
16340,4,1,549.07
12390,3,1,549.84
17291,10,1,550.8
13260,2,1,557.62
13800,10,1,558.32
12866,9,1,559.12
16275,7,1,559.87
13044,10,1,560.47
14753,3,1,563.15
15415,11,1,572.81
15303,10,1,574.02
16345,2,1,575.41
17142,8,1,579
17970,7,1,582.59
12426,7,1,582.73
16072,10,1,584.32
15222,11,1,585
13270,12,1,590
16535,0,1,593.75
12917,4,1,594
15442,8,1,594
15720,1,1,598.73
12521,5,1,599.68
13243,7,1,600.07
12420,2,1,600.39
12707,10,1,603.42
16732,1,1,603.75
14675,1,1,604.75
13357,9,1,609.95
15795,5,1,610.01
15645,1,1,612.01
16613,3,1,618.59
12667,2,1,620.13
16141,3,1,620.4
17640,3,1,621.66
17499,10,1,622.88
16718,12,1,623.75
14382,1,1,626.07
14036,10,1,626.65
16022,9,1,628.28
14687,4,1,628.38
17985,1,1,634.95
15773,0,1,635.68
12631,2,1,640.5
17046,5,1,642.02
14894,3,1,655.75
16127,2,1,656.25
16708,2,1,656.63
15677,2,1,657.23
13518,3,1,659.44
14603,9,1,660
16056,2,1,664.85
18022,1,1,668.11
12418,4,1,668.58
12638,1,1,671.69
13464,2,1,674.68
13355,4,1,674.7
13325,3,1,675.3
16377,9,1,676.2
13607,2,1,678.01
12478,0,1,680.99
14222,6,1,683.17
12658,1,1,686.05
18082,1,1,703.37
12453,5,1,707.09
17761,1,1,712.78
14725,1,1,718.08
12475,2,1,723.38
14055,4,1,725.64
16491,2,1,731.5
12976,7,1,738.6
14756,1,1,738.96
12603,1,1,739.2
13753,10,1,741.26
12374,1,1,742.93
13354,3,1,743.53
15074,4,1,748.87
14923,2,1,749.1
18104,1,1,754.64
14885,5,1,765.32
13356,3,1,768.24
16480,3,1,769.29
12965,3,1,771.91
15075,3,1,773.03
13341,9,1,775.85
12425,3,1,777.2
16505,1,1,777.6
13583,5,1,781.03
16054,5,1,783.9
13336,3,1,795.12
16276,6,1,810.6
13893,10,1,821.1
16494,10,1,826.53
15832,9,1,836.79
16222,11,1,846.72
12713,0,1,848.55
13339,7,1,860.12
13979,3,1,869.87
12847,1,1,871.54
15076,6,1,880.85
17829,10,1,889.24
15255,2,1,890.85
12772,2,1,892.47
15480,4,1,905.5
13689,2,1,910
16216,9,1,914.93
14015,2,1,917.34
13075,4,1,919.61
13934,9,1,922.1
15576,1,1,940.67
17244,2,1,954.9
18192,3,1,957.97
12550,3,1,964.83
12446,2,1,1002.31
17197,1,1,1013.01
12514,9,1,1017.68
15333,7,1,1028.56
13639,3,1,1033.34
16260,2,1,1035.45
12497,3,1,1043.1
15464,11,1,1048.85
14411,10,1,1063
14212,3,1,1070.48
13635,2,1,1071.03
16563,2,1,1077.74
12354,8,1,1079.4
12534,4,1,1089.18
15978,3,1,1098.78
15069,6,1,1109.53
16270,12,1,1141.24
12769,8,1,1143.6
12611,2,1,1193.32
16800,1,1,1201.49
15004,5,1,1246.32
13878,2,1,1281.53
17919,3,1,1304.04
13328,11,1,1308.48
12770,7,1,1351.45
13572,7,1,1384.25
17354,2,1,1393.06
14566,4,1,1432
17553,4,1,1487.6
12398,2,1,1635.66
12764,11,1,1693.88
16902,4,1,1706.88
15947,3,1,1708.24
12405,5,1,1710.39
12349,1,1,1757.55
16751,1,1,1764.72
16380,2,1,1780.59
14935,10,1,1784.71
16152,9,1,1829.04
14459,5,1,1837.92
14887,3,1,1862
16754,12,1,2002.4
15372,5,1,2007.4
15341,3,1,2020.52
17846,3,1,2033.1
17597,7,1,2044.37
16281,3,1,2062.06
14439,11,1,2661.24
13135,7,1,3096
15195,0,1,3861
12378,4,1,4008.62
18251,3,1,4314.72
12752,3,1,4366.78
12688,4,1,4873.81
12357,1,1,6207.67
